seg_id,text
7acc9a958c7441b79348694df0440081,新书已上传，《诡秘之主》，欢迎品尝。
7acc9a958c7441b79348694df0440081," 
        "
e0fc4c7537c44b5d87d9b8fa5c83c232,不过想想系统之前给的其他奖励，虽然获得时需要付出痛苦的代价，但奖励确实是非常棒的。
e0fc4c7537c44b5d87d9b8fa5c83c232,“或许真的有什么玄机吧。”江辰暗道。
e0fc4c7537c44b5d87d9b8fa5c83c232,他的兴奋劲头已经过去，也没打算立即修炼这拳法，毕竟现在是晚上，还是修炼功法比较好。
e0fc4c7537c44b5d87d9b8fa5c83c232,关上了房门后，他悄悄上了屋顶，开始吞吐月光精华修炼起来。
e0fc4c7537c44b5d87d9b8fa5c83c232,自从吸收了魂环后，那种修炼时天天被瓶颈阻塞的感觉消失，整个人仿佛都变得通透起来。
e0fc4c7537c44b5d87d9b8fa5c83c232,每天晚上的修炼一直都是他最为享受的时间，不用休息，全身都舒服地沐浴在月光之中。
e0fc4c7537c44b5d87d9b8fa5c83c232,第二天一早，吃完早饭后，江辰结束了两个多月来的跑步训练，在自家院子中琢磨起系统给的拳法与步法来。
e0fc4c7537c44b5d87d9b8fa5c83c232,那如天书一般的三千雷动身法直接被他丢到了一边，首先研究起那看似非常简单的拳法来。
e0fc4c7537c44b5d87d9b8fa5c83c232,他的记忆力还不错，在脑海中观看了几遍，又跟着练了几遍后，终于把所有招式都记了下来。
e0fc4c7537c44b5d87d9b8fa5c83c232,很快他便能凭记忆完整的打上一遍，拳头在巨大的力量下被挥舞得虎虎生风，老杰克躺在一旁的躺椅上面，不停地鼓掌，大声喝彩。
e0fc4c7537c44b5d87d9b8fa5c83c232,连续打了三遍之后，江辰终于发现了不对劲，这拳法太普通了，给他一种如同前世的广播体操一样的感觉，完全没有威武霸气的样子，就连那拳风都是靠他的力量挥舞出来的。
e0fc4c7537c44b5d87d9b8fa5c83c232,江辰不信邪，又连续打了十遍，但依旧没有发现什么亮点。
e0fc4c7537c44b5d87d9b8fa5c83c232,内心有点懵，这到底是什么级别的拳法？
e0fc4c7537c44b5d87d9b8fa5c83c232,他怀疑自己是不是记错了，又仔细看了一遍，终于，他发现了不同。
e0fc4c7537c44b5d87d9b8fa5c83c232,这一次，那修炼拳法的人影在他的凝视中发生了一些变化，人影体内有许多光点亮了起来。
e0fc4c7537c44b5d87d9b8fa5c83c232,这些光点浮现后，迅速被一条条光线连接起来，形成了一条复杂的路线，同时，一种明悟在江辰的心中升起。
e0fc4c7537c44b5d87d9b8fa5c83c232,“原来这就是运功路线，似乎还有一种说不清道不明的意韵。”
e0fc4c7537c44b5d87d9b8fa5c83c232,一下子，这看起来简简单单的拳法在江辰的眼中突然变得玄奥莫测起来。
e0fc4c7537c44b5d87d9b8fa5c83c232,退出了系统，但那种感觉还萦绕在江辰的心间。
e0fc4c7537c44b5d87d9b8fa5c83c232,心中默默回想了一遍运功路线，确认无误后，他一拳朝着正前方的空气打出。
e0fc4c7537c44b5d87d9b8fa5c83c232,这是闪电拳的第一个招式，之前修炼时没有任何感觉，就跟普通的挥拳一样，但这一次，终于有了立竿见影的效果。
e0fc4c7537c44b5d87d9b8fa5c83c232,仅仅挥出一拳，他的拳头上便立即有电弧缠绕，一股大力骤然出现。
e0fc4c7537c44b5d87d9b8fa5c83c232,江辰只感觉拳头上突然之间多了一种力量，这只拳头竟然就那么拖着他飞了出去。
e0fc4c7537c44b5d87d9b8fa5c83c232,在江辰的一脸懵逼之中，那拖着他跑的力量突然消失，他一个狗啃屎直接扑到了地上。
e0fc4c7537c44b5d87d9b8fa5c83c232,砰！他那白嫩的脸蛋顿时和泥土来了个亲密接触。
e0fc4c7537c44b5d87d9b8fa5c83c232,本来在躺椅上摇晃着饶有兴趣地看着江辰在那里挥拳的老杰克，看到这一幕后顿时乐了。
e0fc4c7537c44b5d87d9b8fa5c83c232,“小辰，魂师都会有自己的技能的，你以后也会有，你现在瞎练什么呢？我还没听说过谁这样挥舞拳头就能变强的。”
e0fc4c7537c44b5d87d9b8fa5c83c232,江辰脸庞直接扑在泥土上，脑袋都被撞懵了一下，好一会儿才爬了起来。
e0fc4c7537c44b5d87d9b8fa5c83c232,他盯着自己的拳头猛看，犹如在看着一件陌生的事物。
e0fc4c7537c44b5d87d9b8fa5c83c232,真是见鬼了，刚才那一瞬间他都怀疑这个拳头不是自己的了。
e0fc4c7537c44b5d87d9b8fa5c83c232,拳头拖着自己跑，这特么的也太诡异了。
e0fc4c7537c44b5d87d9b8fa5c83c232,他定了定神，心中有所怀疑，难道这就是闪电拳的力量？
e0fc4c7537c44b5d87d9b8fa5c83c232,想到这里，他突然又变得兴致勃**来，摆开架式，就要再来一次。
e0fc4c7537c44b5d87d9b8fa5c83c232,老杰克摇了摇头，继续在躺椅上晃着，看着江辰在那里瞎搞。
e0fc4c7537c44b5d87d9b8fa5c83c232,于是，接下来，各种诡异的情景出现了。
e0fc4c7537c44b5d87d9b8fa5c83c232,每当江辰的一拳击出，总会出现一股大力，让他出现各种各样的平地摔。
e0fc4c7537c44b5d87d9b8fa5c83c232,当他一脚踢出时，脚同样也不听使唤了，直接让他来了个劈叉，可蛋疼了。
e0fc4c7537c44b5d87d9b8fa5c83c232,偶尔用力过猛时，直接控制不住往墙上撞去……
e0fc4c7537c44b5d87d9b8fa5c83c232,才没多久，他就变得灰头土脸起来，不过兴致却越加的高昂。
e0fc4c7537c44b5d87d9b8fa5c83c232,与最初的失望不同，此时他心中只有激动，这拳法真特么神了。
e0fc4c7537c44b5d87d9b8fa5c83c232,每一拳击出，都会有一股力量出现，速度更是惊人，能带着他跑。
e0fc4c7537c44b5d87d9b8fa5c83c232,此时，不像是人在驾驭拳法，而是拳法在驾驭人。
e0fc4c7537c44b5d87d9b8fa5c83c232,看着江辰再次一脑袋撞在墙上，老杰克终于忍不住了。
e0fc4c7537c44b5d87d9b8fa5c83c232,“你这孩子，别再折腾了，墙都被你撞裂了，你的头是铁的么？”
e0fc4c7537c44b5d87d9b8fa5c83c232,“额……”江辰看着墙上的裂缝，还有那地上大大小小的坑，顿时觉得怪不好意思的。
e0fc4c7537c44b5d87d9b8fa5c83c232,但他内心却无比的兴奋，只要他能掌握这拳法，那实力还不得翻上几倍？
e0fc4c7537c44b5d87d9b8fa5c83c232,突然，他又想起那三千雷动来，既然闪电拳都如此不凡，那三千雷动肯定也非凡品。
e0fc4c7537c44b5d87d9b8fa5c83c232,“爷爷，我出去玩了。”江辰说了一句，也不管身上的灰尘，直接就蹿了出去。
e0fc4c7537c44b5d87d9b8fa5c83c232,未避免自己修炼时的窘态被人看见，他打算到河边无人区去修炼。
e0fc4c7537c44b5d87d9b8fa5c83c232,在河边处，他盯着那三千雷动的闪电看了好久，还真的让他领悟到了一些东西。
e0fc4c7537c44b5d87d9b8fa5c83c232,当即，他便开始兴致勃勃地尝试起来。
e0fc4c7537c44b5d87d9b8fa5c83c232,闪电，灵动诡变，能以任何角度延伸出去，运用到身法之上时，则充满了诡异。
e0fc4c7537c44b5d87d9b8fa5c83c232,江辰刚一尝试，便吃了大苦头。
e0fc4c7537c44b5d87d9b8fa5c83c232,他跟着心中的感觉走，结果加速前冲的身体猛然朝侧边来了个九十度转弯，在没有减速的情况下，差点闪到他的老腰。
e0fc4c7537c44b5d87d9b8fa5c83c232,这诡异的现象非但没有吓到江辰，反而还让他兴致高涨。
e0fc4c7537c44b5d87d9b8fa5c83c232,他终于明白了三千雷动变化的真谛，那就是任何情况之下，都能以不可思议的角度改变自己的运动轨迹。
e0fc4c7537c44b5d87d9b8fa5c83c232,江辰大感惊奇，这三千雷动和那闪电拳一样，简直诡异到不科学。
e0fc4c7537c44b5d87d9b8fa5c83c232,于是，在他的大胆尝试之下，种种让人大跌眼镜的场景再次出现。
e0fc4c7537c44b5d87d9b8fa5c83c232,撞在树上、冲进河里，不过以他现在的速度，倒也能踏着水波冲出好几米远。
e0fc4c7537c44b5d87d9b8fa5c83c232,一直到中午，他才意犹未尽地回家做饭。
e0fc4c7537c44b5d87d9b8fa5c83c232,三千雷动的诡变他算是体会到了，但速度他却是还没领悟到，不过他倒是不着急，他原本的速度就不慢，等完全掌握后步法变化后，一定能让自己的实力提升一个大档次。
e0fc4c7537c44b5d87d9b8fa5c83c232,“唐三，等我练上几天，就是你哭爹喊娘的日子。”江辰嘴角翘起一个邪魅的弧度。
e0fc4c7537c44b5d87d9b8fa5c83c232,……
e0fc4c7537c44b5d87d9b8fa5c83c232," 
        "
8ffafc09c9ec4d5296807e8fe99e99aa,他那个部位没有骨骼，比较脆弱，已经在雷霆之下被毁灭。
8ffafc09c9ec4d5296807e8fe99e99aa,但他知道，那里很快便会生长出来，要是被比比东看见了就不好了。
8ffafc09c9ec4d5296807e8fe99e99aa,上次他也是没有经验，才不小心被比比东看到。
8ffafc09c9ec4d5296807e8fe99e99aa,以他现在一米八的身高，身体各处都有了成年人的标准，他可不想展示在自己老师面前。
8ffafc09c9ec4d5296807e8fe99e99aa,"他那空洞洞的眼窝处
        "
6762cfda27b44364a165bde17b540ce1,终于大结局了。
6762cfda27b44364a165bde17b540ce1,在写这本书前，作者还是个菜鸟，现在是个大一点的菜鸟，哈哈……
6762cfda27b44364a165bde17b540ce1,当时没想过这本书竟然能写到百万字以上，这对我来说是一个很满意的成就。
6762cfda27b44364a165bde17b540ce1,在这里，要感谢很多书友的支持，感谢你们的陪伴。
6762cfda27b44364a165bde17b540ce1,咸鱼、万古大帝、凌浩、搞事情专属头像、鹤兮、暗影与曙光、纳兰阁主、银爵.狮王、剑道、青山祭落、渣、伊人醉……还有好多熟悉的面孔，就不一一点名啦。
6762cfda27b44364a165bde17b540ce1,谢谢大家的推荐票、月票、订阅、打赏，还有你们的评论。
6762cfda27b44364a165bde17b540ce1,作者偶尔会从你们的评论中寻找到灵感，或者修改一些毒点，不过遗憾的是无法满足所有人的要求。
6762cfda27b44364a165bde17b540ce1,相遇就是缘分，谢谢你们一路的陪伴。
6762cfda27b44364a165bde17b540ce1,最后，说一下新书，已经在起点连载，大家可以去瞄一眼，还行的话就收藏支持一下（有起点的尽量用起点哈），拜谢。
6762cfda27b44364a165bde17b540ce1,不喜欢也没关系，萝卜青菜，各有所爱，世界这么大，还是遇见你，说不定以后还能和你们相遇……
6762cfda27b44364a165bde17b540ce1,挥手，告别。
6762cfda27b44364a165bde17b540ce1,……
6762cfda27b44364a165bde17b540ce1,
6762cfda27b44364a165bde17b540ce1," 
        "
441c27db658847a4bb82b1a2bbfae859,江辰收起方天画戟，冷漠的目光环视着那些赶来的数千名神祇。
441c27db658847a4bb82b1a2bbfae859,凡是接触到他目光的神祇，无不惊恐后退。
441c27db658847a4bb82b1a2bbfae859,他们想起了大祭司的那个预言，原本这些神祇当中，有一些是不信的。
441c27db658847a4bb82b1a2bbfae859,但他们刚刚看见江辰杀死了大祭司，还看见江辰的女儿大肆屠杀那些一级、二级神，他们不信也得信了。
441c27db658847a4bb82b1a2bbfae859,"许
        "
2f92d912082a4ba1af4e0ca78cddec80,江辰从空间裂缝中踏出，便感觉到了斗罗大陆的气息。
2f92d912082a4ba1af4e0ca78cddec80,他出现的地方是在茫茫大海之上。
2f92d912082a4ba1af4e0ca78cddec80,江辰面色紧绷，心中已经做好了最坏的打算，神念释放而出，顿时看见了斗罗大陆，看见了武魂城。
2f92d912082a4ba1af4e0ca78cddec80,距离他当初前往神界，斗罗大陆应该过去两年多，武魂帝国发展得更加繁荣了。
2f92d912082a4ba1af4e0ca78cddec80,"武魂城很安静，
        "
04ed3f37a8a14d8f9479d75ef07eec2f,还有其他办法？
04ed3f37a8a14d8f9479d75ef07eec2f,修罗神几人都惊讶的看着邪恶神王。
04ed3f37a8a14d8f9479d75ef07eec2f,邪恶神王明白江辰的焦急，也不卖关子，快速道：“你刚才打开的异次元空间是和所有的凡间位面还有神界都是相连的，你可以穿过次元空间，返回到斗罗大陆。”
04ed3f37a8a14d8f9479d75ef07eec2f,"“邪恶，你疯了？江辰进入到里面，可能会永远迷失在里面，再也出不来了。”
        "
36e423f041554d6c97d52c445f301928,时间过得飞快，一天一夜后，江辰依然在全力攻击着神界中枢。
36e423f041554d6c97d52c445f301928,而大祭司，面色已经变了。
36e423f041554d6c97d52c445f301928,最开始，江辰每一击最少都有几十亿斤的力量。
36e423f041554d6c97d52c445f301928,到现在，这力量几乎已经翻倍，每一击都令这永罪之狱里面的空间崩碎。
36e423f041554d6c97d52c445f301928,神界中枢的防御罩颤抖得更加的剧烈，但依然非常稳固。
36e423f041554d6c97d52c445f301928,"毕竟
        "
2446f5120d094d899e676c70cca830a7,“大祭司是吧，你之前给我安了一个神界灾难的罪名，后来又和海神合计杀我，今天又陷害我。
2446f5120d094d899e676c70cca830a7,“我不管你有多大的能耐，你不该招惹我，我可不是唐三，你惹了我，那就准备承受我的怒火吧。”
2446f5120d094d899e676c70cca830a7,江辰手持方天画戟，悬浮在大祭司面前，冷冷的看着对方。
2446f5120d094d899e676c70cca830a7,"“嘿嘿，该后悔的是你，我会把你抓住，
        "
1d4f5647ea1349868196a5376e1700b0,江辰目光同样阴沉的看着大祭司，又是一戟砸了下去。
1d4f5647ea1349868196a5376e1700b0,然而，那道屏障依旧稳固。
1d4f5647ea1349868196a5376e1700b0,以江辰现在的实力，无法破开这神界中枢形成的屏障。
1d4f5647ea1349868196a5376e1700b0,“江辰，神界中枢可以调动整个神界的神力来形成防御，堪称是神界的最强防御，攻击它就相当于攻击整个神界。”
1d4f5647ea1349868196a5376e1700b0,"生命女神的声音从远处传来。
        "
759ad63741ef4bfaaef4595dc82f1fb0,生命女神已经被大祭司禁锢住，就和一个手无缚鸡之力的凡间女子一样，根本无法反抗。
759ad63741ef4bfaaef4595dc82f1fb0,她听见大祭司衣服爆开的声音，睁开眼睛，看到了让她惊恐的一幕。
759ad63741ef4bfaaef4595dc82f1fb0,大祭司肌肉并不饱满，皮肤上满是诡异狰狞的食人花图案。
759ad63741ef4bfaaef4595dc82f1fb0,一股邪恶嗜血的气息散发出来。
759ad63741ef4bfaaef4595dc82f1fb0,"看着大祭司一步步朝着她靠近，生命
        "
929f09bf26dd483ab5c006bbb8715995,四点才睡的觉，十二点起，中午无法更新啦，傍晚更
929f09bf26dd483ab5c006bbb8715995," 
        "
aeeaad43e1fb445e95933b5af3e62a30,由于混沌之光的力量已经被江辰吸收完，他坠落山谷倒是没有造成多大的破坏。
aeeaad43e1fb445e95933b5af3e62a30,以他为中心，只塌陷了几十米的范围。
aeeaad43e1fb445e95933b5af3e62a30,他的身体深深陷入了泥土之中。
aeeaad43e1fb445e95933b5af3e62a30,当他从地底中钻出时，顿时看见大祭司、生命女神和罗刹神从天空上坠落下来。
aeeaad43e1fb445e95933b5af3e62a30,"其实坠落的只有生命女神和罗刹神，大祭司是飞行下来
        "
60bf27d79ac84d3cb6996965e9e79abd,会议室内再次出现嗡嗡声，董鑫也不制止，任由他们小声讨论，直到嗡嗡声慢慢消失，大家的目光重新回到他这里。
60bf27d79ac84d3cb6996965e9e79abd,“虽然具体数据资料我没有带过来，但其中几组大家肯定会关心的数据我记得清清楚楚，在这里，可以分享给大家。”
60bf27d79ac84d3cb6996965e9e79abd,"“首先要跟大家说的就是所有养殖场最关心的母猪繁育数据，米国最大种
        "
78b67f6a6ef443b3bb6296a0524b5093,2019年8月20日上传第一章，2020年11月5日凌晨结束。
78b67f6a6ef443b3bb6296a0524b5093,历时一年零两个多月，正文内容236万字，平均日更5000+，对于我这样的扑街来讲，自认为算是对得起诸位！
78b67f6a6ef443b3bb6296a0524b5093,写出‘全书完’三个字时，真的就像是有什么东西溜走了，但也有如释重负的感觉。
78b67f6a6ef443b3bb6296a0524b5093,真的！
78b67f6a6ef443b3bb6296a0524b5093,如果让我自己说，这本书写的最快乐的时间点，那肯定是新书免费期！
78b67f6a6ef443b3bb6296a0524b5093,第一次写书啥也不懂，脑子一热有了想法，就动笔了！
78b67f6a6ef443b3bb6296a0524b5093,纯粹是一腔热情，随心而欲的写，那种状态真的很好。
78b67f6a6ef443b3bb6296a0524b5093,因为是新手，不懂网站推荐机制，不懂成绩好坏的影响，不懂读者喜欢看什么……
78b67f6a6ef443b3bb6296a0524b5093,总之，不懂的东西很多，直到现在依旧有很多不懂的东西。
78b67f6a6ef443b3bb6296a0524b5093,无知者无畏吧！
78b67f6a6ef443b3bb6296a0524b5093,正因为不懂，所以不考虑太多。
78b67f6a6ef443b3bb6296a0524b5093,开头出现女主，甚至因为王泉痴痴傻傻的看着张舒就被大量读者诟病、谩骂。
78b67f6a6ef443b3bb6296a0524b5093,对此，不想辩解什么，也不想反驳什么。
78b67f6a6ef443b3bb6296a0524b5093,每个人的价值观不同，看待问题的角度也不同，产生分歧是必然的。
78b67f6a6ef443b3bb6296a0524b5093,道不同不相为谋，你不喜欢可以走，我要挽留你一句，算我输！
78b67f6a6ef443b3bb6296a0524b5093,对，这就是我的态度。
78b67f6a6ef443b3bb6296a0524b5093,从前是，现在是，以后也不会变。
78b67f6a6ef443b3bb6296a0524b5093,……
78b67f6a6ef443b3bb6296a0524b5093,书写完了，可以跟大家分享一下写这本书的初衷。
78b67f6a6ef443b3bb6296a0524b5093,其实初衷很简单，看到不少人在议论猪肉价格上涨的原因，有理性的评论，也有充满阴谋论的造谣。我不敢说自己懂的很多，也无法改变某些人坚信的东西，所以就想把这个行业内的一些东西写出来，是非黑白由大家评判。
78b67f6a6ef443b3bb6296a0524b5093,我不是正义感爆棚的人，也没有泛滥的责任感，我只是想让大家了解一下对大部分来讲还算新鲜的东西。
78b67f6a6ef443b3bb6296a0524b5093,说实在的，这本书跟大部分网络小说有区别，甚至都算不上大家习惯的网络小说。
78b67f6a6ef443b3bb6296a0524b5093,为什么这么说呢？
78b67f6a6ef443b3bb6296a0524b5093,爽点不足！
78b67f6a6ef443b3bb6296a0524b5093,从一开始，我只是想尽可能真实一点的东西写出来，既然偏向真实，自然不可能出现太多装逼打脸的剧情。
78b67f6a6ef443b3bb6296a0524b5093,都是成年人了，而且是有过社会阅历的成年人，有几个真得那么脑残不问青红皂白，不明敌我悬殊就上去挑衅别人的？
78b67f6a6ef443b3bb6296a0524b5093,而且我知道，能坚持看这本书的人，大部分都是有生活阅历的人。换句话说，都是被生活折磨过的人。
78b67f6a6ef443b3bb6296a0524b5093,我必须承认一点，自己的文笔不够好，文中有很多人物形象没有写出该有的味道。
78b67f6a6ef443b3bb6296a0524b5093,比如说，张舒。
78b67f6a6ef443b3bb6296a0524b5093,关于张舒的评价，不用我说，大家应该能从章评里看到。
78b67f6a6ef443b3bb6296a0524b5093,在我看来，之所以得到一部分书友的赞同，应该是出于渴望的心理更多一些。
78b67f6a6ef443b3bb6296a0524b5093,缺什么，就想什么嘛！
78b67f6a6ef443b3bb6296a0524b5093,我同样也是！
78b67f6a6ef443b3bb6296a0524b5093,在我脑海中，张舒应该是一个贤淑的女人！
78b67f6a6ef443b3bb6296a0524b5093,有女人的感性，也有受过高等教育的理性，但她骨子里更应该是一个具备传统思想美德的普通女人，这种女人遍地都是，无关相貌美丑，只是你能不能发现而已。
78b67f6a6ef443b3bb6296a0524b5093,如果你真的感觉不到，请看一看父母那一辈！
78b67f6a6ef443b3bb6296a0524b5093,再比如，王富贵。
78b67f6a6ef443b3bb6296a0524b5093,这是纯粹因为行为被人骂的最多的一个角色，而他的行为，在社会中比比皆是。
78b67f6a6ef443b3bb6296a0524b5093,我不止一次的猜测过，骂王富贵的人要么是遇到过这样的人，要么本身就是这样的人。
78b67f6a6ef443b3bb6296a0524b5093,王富贵的毛病有很多，有作者自己身上的，也有身边朋友身上的。
78b67f6a6ef443b3bb6296a0524b5093,很常见，很气人！
78b67f6a6ef443b3bb6296a0524b5093,写这个角色前，我就考虑过，是不是换一个人物关系？
78b67f6a6ef443b3bb6296a0524b5093,比如说主角的对手，如果对手身边有这样一个猪队友的话，读者应该骂的同时更加开心吧？
78b67f6a6ef443b3bb6296a0524b5093,但仔细想想，考虑到本书人物众多，大家很有可能轻易忘记这个人。
78b67f6a6ef443b3bb6296a0524b5093,所以，最终还是决定把他作为主角的弟弟来写。
78b67f6a6ef443b3bb6296a0524b5093,年轻是王富贵的标签，年轻人犯错应该给其改正的机会，这是我个人的观点。
78b67f6a6ef443b3bb6296a0524b5093,可我没想到的是，真有不少人不愿意给这样的机会，因为王富贵弃书的人肯定不少，这一点我是知道的。
78b67f6a6ef443b3bb6296a0524b5093,好吧，还是各有评说，不用强求。
78b67f6a6ef443b3bb6296a0524b5093,你们不喜欢看，那我就少写一些，你们不乐意看他改变，那就让他在无人知晓的世界里慢慢成长。
78b67f6a6ef443b3bb6296a0524b5093,再有就是，郭杰。
78b67f6a6ef443b3bb6296a0524b5093,文中曾说过，这是一个真实存在，却已经离开的人。
78b67f6a6ef443b3bb6296a0524b5093,从他的角度来看，他所做的一切都没有错，那么，错的是谁呢？
78b67f6a6ef443b3bb6296a0524b5093,这也是一个值得发醒的问题，我同样没有写好。
78b67f6a6ef443b3bb6296a0524b5093,……
78b67f6a6ef443b3bb6296a0524b5093,最后一章写了足足七个多小时，中间甚至因为不知道怎么写，去给新书写了一章。可我发现，回来之后依旧不知道怎么写。
78b67f6a6ef443b3bb6296a0524b5093,为什么呢？
78b67f6a6ef443b3bb6296a0524b5093,我感觉这个结局不算真正的结束，就这么简单。
78b67f6a6ef443b3bb6296a0524b5093,但它绝对不算烂尾太监！
78b67f6a6ef443b3bb6296a0524b5093,不光是我一个人想写的真实，有不少读者最初入坑也是因为真实。
78b67f6a6ef443b3bb6296a0524b5093,可从今年年初开始，有不少人在书评区和章评里问。
78b67f6a6ef443b3bb6296a0524b5093,YQ为什么没有出现？
78b67f6a6ef443b3bb6296a0524b5093,没有YQ你还真实个毛？
78b67f6a6ef443b3bb6296a0524b5093,不真实谁还看你？
78b67f6a6ef443b3bb6296a0524b5093,那个时候我就明白了，接下来肯定会有读者流失。
78b67f6a6ef443b3bb6296a0524b5093,我不知道问这些话的读者是什么心态？
78b67f6a6ef443b3bb6296a0524b5093,你们是单纯的想看到国民不好的消息？
78b67f6a6ef443b3bb6296a0524b5093,还是想看作者因为写这样的剧情被封书？
78b67f6a6ef443b3bb6296a0524b5093,亦或者是，你们心理的黑暗思维占据了大脑？
78b67f6a6ef443b3bb6296a0524b5093,这算是一方面原因，当然还有主角重生时间点的设置原因，超过了重生时间，大家觉得没有看头了。
78b67f6a6ef443b3bb6296a0524b5093,超出了期待，也就没了期待，可以这么理解吧？
78b67f6a6ef443b3bb6296a0524b5093,有人说，卖猪肉能卖出首富吗？
78b67f6a6ef443b3bb6296a0524b5093,我不知道。
78b67f6a6ef443b3bb6296a0524b5093,但我知道一点，只要你愿意努力，生活不会辜负你！
78b67f6a6ef443b3bb6296a0524b5093,没有人能顺风顺水，为什么就不能看看别人的努力呢？
78b67f6a6ef443b3bb6296a0524b5093,没有了重生的优势，就不值得看了？
78b67f6a6ef443b3bb6296a0524b5093,好吧，那就少写点。
78b67f6a6ef443b3bb6296a0524b5093,所以，今天结局了！
78b67f6a6ef443b3bb6296a0524b5093,不是赌气，而是早在年初就想好了在这里结局。
78b67f6a6ef443b3bb6296a0524b5093,当九鼎商贸走到更高位置时，集团公司必然会应运而生。
78b67f6a6ef443b3bb6296a0524b5093,集团公司后面的事情，我相信很多人都能猜到，无非是先跟有同样野心的集团公司竞争，比如牧园。
78b67f6a6ef443b3bb6296a0524b5093,然后在跟老牌集团公司打斗，比如唐人。
78b67f6a6ef443b3bb6296a0524b5093,最后成长为力压三汇的集团公司！
78b67f6a6ef443b3bb6296a0524b5093,这是正常的套路，对吧？
78b67f6a6ef443b3bb6296a0524b5093,如果真的写下去，多了不敢说，写个五十万一百万字还是可以的。
78b67f6a6ef443b3bb6296a0524b5093,但这样写，真就好看吗？
78b67f6a6ef443b3bb6296a0524b5093,这不是越发的不真实了吗？
78b67f6a6ef443b3bb6296a0524b5093,任何一家集团公司，哪一个不是经历了几十年如一日的努力，经历了大小风浪无数次洗礼，成功真就那么努力？
78b67f6a6ef443b3bb6296a0524b5093,肯定有人会说，你这是小说，你跟我说什么现实呢？现实本就过得不好，看小说不就是为了爽？
78b67f6a6ef443b3bb6296a0524b5093,我不否认，但我可以选择不附和。
78b67f6a6ef443b3bb6296a0524b5093,九鼎集团该具备的竞争优势有了，该有的管理团队也都交代过了，发展的方向大家更是心知肚明，我觉得可以了，多一份想象的空间，难道不好吗？
78b67f6a6ef443b3bb6296a0524b5093,……
78b67f6a6ef443b3bb6296a0524b5093,心情却是有些复杂，完本感言也写的很乱，但这就是真实所想。
78b67f6a6ef443b3bb6296a0524b5093,写这本书，学到了很多东西，也给自己带来不少启发。
78b67f6a6ef443b3bb6296a0524b5093,感谢你们一年零两个月的陪伴，也感谢自己一年零两个月的坚持。
78b67f6a6ef443b3bb6296a0524b5093,最后。
78b67f6a6ef443b3bb6296a0524b5093,最后，请允许我再给大家汇报一下这本书的成绩，因为这是咱们一起创造的成绩！
78b67f6a6ef443b3bb6296a0524b5093,2700收藏上架，上架字数23万字，首订280。
78b67f6a6ef443b3bb6296a0524b5093,现在，236万字完本，收藏量55500，高订8160，均订2600，差400个均订拿到精品徽章。
78b67f6a6ef443b3bb6296a0524b5093,有四位盟主书友，有三位护法书友，有100位舵主级别书友，有超过五百的执事级别粉丝。
78b67f6a6ef443b3bb6296a0524b5093,如果有江湖，咱们绝对算得上是一方豪强！
78b67f6a6ef443b3bb6296a0524b5093,感谢大家的一路支持和陪伴，咱们江湖有缘再见！
78b67f6a6ef443b3bb6296a0524b5093,……
78b67f6a6ef443b3bb6296a0524b5093,那啥，我已启程，要偶遇的请移步《金牌村长》，这是一个不一样的村长故事，有山有水有家有爱！
78b67f6a6ef443b3bb6296a0524b5093,
78b67f6a6ef443b3bb6296a0524b5093," 
        "
1d5ddff0ab5140c19962eb7aa31b8ede,有些时候，不是你知道了别人不知道的消息，就一定能做成别人做不成的事情。
1d5ddff0ab5140c19962eb7aa31b8ede,重生是让王泉有了两年的超前记忆，但两年的时间很短，短到一眨眼就能过去。
1d5ddff0ab5140c19962eb7aa31b8ede,刚重生的时候王泉也曾有过扪心自问，两年的时间能让自己干点啥？
1d5ddff0ab5140c19962eb7aa31b8ede,"本着不浪费优势的心态重新扎进这个行业，赚钱肯定是首位目标！
        "
d9fd299cfc5c4bf5abcdbca35644279d,有书友建议我趁着限免看书的人多，给新书吆喝一嗓子，说是万一有人更喜欢新书呢？
d9fd299cfc5c4bf5abcdbca35644279d,所以，厚脸皮的扑街狐来了。
d9fd299cfc5c4bf5abcdbca35644279d,新书《金牌村长》已经八万字了，值得让诸位移步一观了。
d9fd299cfc5c4bf5abcdbca35644279d,不一样的故事，同样的接地气，希望能得到大家的支持。
d9fd299cfc5c4bf5abcdbca35644279d," 
        "
053546b5a99e410ea1a62414afb20992,下班高峰期市内车流量很大，李朝阳好不容易从市区出来，正准备提速就被一辆车子强行超越。不满的情绪刚刚出现，李朝阳诧异的看着前面刚刚超过去的车子，这不是冯军的车子么？
053546b5a99e410ea1a62414afb20992,宋鹏飞也约他了？
053546b5a99e410ea1a62414afb20992,"李朝阳心里冒出这样的念头，下意识地按了两下喇叭，可前面的车子根本不在意，速度反而越来越快。这
        "
3acfe6f9fd6a498abc59d4cfec21f046,进场报道，抽签分组，确定所在的小组后，跟着志愿者前去熟悉场地……
3acfe6f9fd6a498abc59d4cfec21f046,不知不觉，时间就到了上午八点。
3acfe6f9fd6a498abc59d4cfec21f046,武道大会开幕式时间到了。
3acfe6f9fd6a498abc59d4cfec21f046,小组赛开幕式并不繁琐，没有节目表演，也没有选手入场仪式，领导讲话……
3acfe6f9fd6a498abc59d4cfec21f046,呃，这个还是有的。
3acfe6f9fd6a498abc59d4cfec21f046,市武道协会会长，苍河市本土第一高手，今年七十二岁的真气境大宗师周岳，站在主席台上，不用任何扩音设备，直接把话声送到全场选手，以及看台上的上万观众们耳边：
3acfe6f9fd6a498abc59d4cfec21f046,“今年的武道大会，马上就要开始了。开赛之前，我只强调一点：比武切磋，点到为止，莫讲武德。我话讲完，小组赛正式开始。”
3acfe6f9fd6a498abc59d4cfec21f046,必须说明，这个世界的“武德”，跟楚天行原本世界，那些武学大师们提倡的武德，压根儿不是一回事。
3acfe6f9fd6a498abc59d4cfec21f046,武字，在这个世界的大明及华夏文明圈，没人引申出“止息干戈”的意思，至今还是沿用其本意——“拿着兵器的行动”，也就是操家伙砍人。
3acfe6f9fd6a498abc59d4cfec21f046,武道，是源自战场的争杀之道。
3acfe6f9fd6a498abc59d4cfec21f046,超凡武道在历史上的首次亮相，也是崇祯皇帝独闯千军，手刃闯王。
3acfe6f9fd6a498abc59d4cfec21f046,所以在这个世界，“武德”的意思，就是保存自己、护翼同袍、杀光敌人。
3acfe6f9fd6a498abc59d4cfec21f046,能将以上三点办妥的，那就是武德彪炳。
3acfe6f9fd6a498abc59d4cfec21f046,然而现在只是比赛，没有杀敌的必要。
3acfe6f9fd6a498abc59d4cfec21f046,所以周大宗师就特别提点了一句“点到为止，莫讲武德”。
3acfe6f9fd6a498abc59d4cfec21f046,领导讲话就这么干脆利落地结束了。
3acfe6f9fd6a498abc59d4cfec21f046,武道大会小组赛，也随之正式揭开战幕。
3acfe6f9fd6a498abc59d4cfec21f046,整个大会，分为四个大组：少儿组、少年组、低龄青年组、大龄青年组。
3acfe6f9fd6a498abc59d4cfec21f046,四个大组的比赛同期举行，每个大组占了足球场四分之一的场地。
3acfe6f9fd6a498abc59d4cfec21f046,而那四分之一的场地，又分成了十个小场地。
3acfe6f9fd6a498abc59d4cfec21f046,也就是说，同一时间，在足球场上，将有四十对各年龄段的选手捉对比试。
3acfe6f9fd6a498abc59d4cfec21f046,每一对选手的比赛，都由武功高强，且有着丰富实战经验的锦衣卫充当裁判。
3acfe6f9fd6a498abc59d4cfec21f046,既负责判定胜负，亦负责防止意外。
3acfe6f9fd6a498abc59d4cfec21f046,毕竟，并不是每个选手都能做到收发自如。
3acfe6f9fd6a498abc59d4cfec21f046,万一打得兴起收不住手，就需要裁判及时出手干预了。
3acfe6f9fd6a498abc59d4cfec21f046,楚天行签运不错，抽到了第一批登场比赛——当然，在别人看来，他们这些第一批登场比赛的，就属于签运不佳了。
3acfe6f9fd6a498abc59d4cfec21f046,毕竟小组赛是单轮循环赛，每个选手都要跟同一小组的九个选手比试一次。
3acfe6f9fd6a498abc59d4cfec21f046,那你第一批登场比赛，你所在小组的其他选手，不就可以在场边观察，寻找你武功的破绽了么？
3acfe6f9fd6a498abc59d4cfec21f046,所以第一批登场的选手，表情都不怎么好看。
3acfe6f9fd6a498abc59d4cfec21f046,唯有楚天行一脸淡定，完全无所谓。
3acfe6f9fd6a498abc59d4cfec21f046,他会的武功太多了。
3acfe6f9fd6a498abc59d4cfec21f046,别说现场有没有人能将他的武功看透，就算真有人像他一般天赋异禀，能看出他武功的破绽，他随时换一门不就完事儿了？
3acfe6f9fd6a498abc59d4cfec21f046,这就是渊博的好处了。
3acfe6f9fd6a498abc59d4cfec21f046,四个年龄段第一批登场比赛的四十对选手，皆已经进入各自的比赛场地。
3acfe6f9fd6a498abc59d4cfec21f046,楚天行站在赛场上，气定神闲地看着自己的对手。
3acfe6f9fd6a498abc59d4cfec21f046,那是一位二十出头的平头小青年，五官硬朗，身材高大，肌肉健硕，气息沉凝，看上去很有几分气势。
3acfe6f9fd6a498abc59d4cfec21f046,同小组的八个选手，站在场外观战，有人还在小声讨论：
3acfe6f9fd6a498abc59d4cfec21f046,“那哥们儿是苍龙道馆的禇军，听说奇经八脉已经贯通了两条，不仅内力深厚，苍龙腿法也得了道馆真传，一脚扫下去，半尺厚的石碑都能踢成粉碎……”
3acfe6f9fd6a498abc59d4cfec21f046,“第一场就遇上禇军，那小子看来悬了。”
3acfe6f9fd6a498abc59d4cfec21f046,“可不是么？禇军在咱们整个低龄青年组，都是有望打进市十六强的硬手……”
3acfe6f9fd6a498abc59d4cfec21f046,“希望那小伙子，能在禇军手下多撑一会儿吧。这样咱们还有希望看清禇军的功夫，找出他的破绽。”
3acfe6f9fd6a498abc59d4cfec21f046,“我看悬，那小伙子看起来像是个高中生，怕是才刚刚到了低龄青年组的年龄线。这么年轻，功夫又能有多深？照我看呐，他能在禇军手下撑过三招就不错啦！”
3acfe6f9fd6a498abc59d4cfec21f046,“你这话不妥。高中生又怎么了？咱们市一中，又不是没有十六七岁就贯通了十二正经，直接被明都大学提前录取的武道天才。”
3acfe6f9fd6a498abc59d4cfec21f046,“呵呵，市一中的几个武道天才，我都在武道协会里见过，偏就没有这小伙子……他呀，怕也就是重在参与……吧？咦，他赢了？”
3acfe6f9fd6a498abc59d4cfec21f046,嗯，就在围观选手们议论声中。
3acfe6f9fd6a498abc59d4cfec21f046,裁判宣布第一场徒手比试开始。
3acfe6f9fd6a498abc59d4cfec21f046,苍龙道馆的禇军，为了不被后面的选手们找到自己功夫的破绽，决定速战速决。
3acfe6f9fd6a498abc59d4cfec21f046,裁判话音一落，他就一步掠至楚天行面前，腿如苍龙出海，轰向楚天行小腹。
3acfe6f9fd6a498abc59d4cfec21f046,这一招气势极猛，速度极快。
3acfe6f9fd6a498abc59d4cfec21f046,换作一般只贯通了五条正经的选手，根本来不及闪避，只能强行招架。
3acfe6f9fd6a498abc59d4cfec21f046,然而招架的话，只贯通了五条正经的选手，拼修为，拼力量，又如何挡得住已贯通了两条奇经八脉的禇军，这势大力沉的一腿？
3acfe6f9fd6a498abc59d4cfec21f046,直接就要被轰出场外判负。
3acfe6f9fd6a498abc59d4cfec21f046,然而，就在禇军身形一动，劲腿轰出的刹那，一副气定神闲模样的楚天行，似能未卜先知一般，斜刺里迈出一步。
3acfe6f9fd6a498abc59d4cfec21f046,这一步，恰到好处避开了禇军的劲腿，令禇军一击落空的同时，还一指头戳在了禇军肋下。
3acfe6f9fd6a498abc59d4cfec21f046,一阳指。
3acfe6f9fd6a498abc59d4cfec21f046,饶是禇军内力深厚远超楚天行，可即使以他的功力，也不可能随时将内力遍布全身进行防御，最多只能重点防御少数几个要害部位。
3acfe6f9fd6a498abc59d4cfec21f046,能随时将内力遍布全身，如同穿上全身甲一般全方位无死角防御的，至少也得是内力境修为到了巅峰，能够内力外放、隔空伤人的高手。
3acfe6f9fd6a498abc59d4cfec21f046,再加上一阳指专精点穴，最擅以点破面，指力又是以精纯的“先天功”内力催发，于是这正中禇军肋下“章门穴”的一指，立刻就破开了禇军应激而发、自动防御的一点微薄内力，攻入他穴窍经脉之中。
3acfe6f9fd6a498abc59d4cfec21f046,禇军只觉肋下一麻，半边身子都失去了知觉。
3acfe6f9fd6a498abc59d4cfec21f046,身体也因此失去平衡，被自己落空的强劲腿力，带得踉跄着扑倒在地。
3acfe6f9fd6a498abc59d4cfec21f046,号称有低龄青年组市十六强之望的禇军，就这么被楚天行一招秒了。
3acfe6f9fd6a498abc59d4cfec21f046,场外围观的八位选手，直到禇军扑地，才堪堪反应过来，顿时个个目瞪口呆。
3acfe6f9fd6a498abc59d4cfec21f046,那位从锦衣卫借调来的裁判，也诧异地看了楚天行一眼，过去查看了一下禇军的状况，当即宣布道：
3acfe6f9fd6a498abc59d4cfec21f046,“第一场，徒手赛，楚天行胜！”
3acfe6f9fd6a498abc59d4cfec21f046,说完在禇军肋下推拿了两下，帮他化解了楚天行那本就有所保留的指力，又询问禇军：
3acfe6f9fd6a498abc59d4cfec21f046,“还能继续比赛吗？”
3acfe6f9fd6a498abc59d4cfec21f046,徒手比完，两人之间，还有一场器械要比。
3acfe6f9fd6a498abc59d4cfec21f046,倘若禇军不能继续，那器械比试，楚天行也就直接获取，全取三分。
3acfe6f9fd6a498abc59d4cfec21f046,诸军站起身来，面红耳赤地看了楚天行一眼，咬牙道：
3acfe6f9fd6a498abc59d4cfec21f046,“我还可以继续！”
3acfe6f9fd6a498abc59d4cfec21f046,“那好。”裁判也不多劝，点点头：“器械比试准备，各自选取兵器，佩戴防具。”
3acfe6f9fd6a498abc59d4cfec21f046,场边就有兵器架，上面摆满了各种兵器。
3acfe6f9fd6a498abc59d4cfec21f046,不仅有正统的刀剑枪矛，还有鞭、锤、戟、棍、三节棍、九节鞭、峨眉刺、分水叉……乃至绳索、折扇、丝带等各种奇门兵器。
3acfe6f9fd6a498abc59d4cfec21f046,当然，所有硬质兵器都是特种木材制成，且没有开刃。只是形制、重量与真实兵器相当。
3acfe6f9fd6a498abc59d4cfec21f046,不过即便如此，器械比试还是很危险的。
3acfe6f9fd6a498abc59d4cfec21f046,因为在内力境武者手上，这些没有开刃的圆头木制兵器，照样可以杀人。
3acfe6f9fd6a498abc59d4cfec21f046,所以在兵器架上，还有防具。
3acfe6f9fd6a498abc59d4cfec21f046,选手无论是否愿意，都必须佩戴胸甲、护颈、头盔等防具遮护要害，防止意外。
3acfe6f9fd6a498abc59d4cfec21f046,然而即使这样，还是无法保证绝对安全，这就需要裁判的及时干预，以及选手自行控制了。
3acfe6f9fd6a498abc59d4cfec21f046,楚天行其实是不需要防具的。
3acfe6f9fd6a498abc59d4cfec21f046,但这是硬性规定，无论是否情愿，都必须佩戴。
3acfe6f9fd6a498abc59d4cfec21f046,所以他也只能勉为其难地在志愿者帮助下，戴上头盔，佩上护颈，穿上胸甲，然后看一眼禇军，见他选了一口木刀作武器，便选了一杆长枪。
3acfe6f9fd6a498abc59d4cfec21f046,见他选长枪，围观选手们又有话说：
3acfe6f9fd6a498abc59d4cfec21f046,“月棍年刀一辈子枪。这个名叫楚天行的小伙子，武功着实有些超出意外，居然一招就打翻了禇军。可他手上功夫虽好，也不可能连兵器功夫都一样厉害吧？尤其他选的还是易学难精，最耗功夫的长枪。”
3acfe6f9fd6a498abc59d4cfec21f046,“这可说不准。天才存在的意义，就是打破常人想象的极限。这个楚天行……恐怕就是一个突然冒出来的天才。”
3acfe6f9fd6a498abc59d4cfec21f046,“照我看，禇军输掉徒手比试，很大原因是出于大意。他怕被我们看出破绽，太想速战速决，轻敌冒进，所以才不明不白地输掉。吃一堑，长一智，这一场，禇军绝对不会再有任何大意。那个楚天行，应该不可能……呃，他又赢了？”
3acfe6f9fd6a498abc59d4cfec21f046,这次结束得更快。
3acfe6f9fd6a498abc59d4cfec21f046,围观选手们还没议论几句呢，禇军就又输了。
3acfe6f9fd6a498abc59d4cfec21f046,这次禇军倒是没有轻敌冒进，裁判喝令开始后，他反而采取了守势。
3acfe6f9fd6a498abc59d4cfec21f046,然而这次楚天行主动进攻了。
3acfe6f9fd6a498abc59d4cfec21f046,他单手持枪，大步前行。
3acfe6f9fd6a498abc59d4cfec21f046,前行之际，他身形起伏，如同身下骑了一匹骏马，竟以徒步冲出了古之名将，跃马提枪，冲锋陷阵的气势。
3acfe6f9fd6a498abc59d4cfec21f046,再加上他曾经面对凤予飞那等杀人不眨眼的邪物附体之人，又曾在异界历经血战，手刃强大鱼怪，身上有着真正的血战气势。
3acfe6f9fd6a498abc59d4cfec21f046,而禇军功夫练得虽好，可从来没有杀过什么智慧生物。
3acfe6f9fd6a498abc59d4cfec21f046,仅有的实战经验，也就是揍几个小混混而已，还不敢下手太重，免得把人打坏。
3acfe6f9fd6a498abc59d4cfec21f046,所以当楚天行“跃马提枪”，挟真正经历血战厮杀，才能养出来的滚滚杀气直冲而来时，被他那气场一冲，被他那杀机凛冽的双眼一瞪，禇军顿时只觉似有一桶冰水从头顶直浇下来，一下就令他头皮发麻，脊背发冷，脑子里只有一个念头：
3acfe6f9fd6a498abc59d4cfec21f046,“他要杀我！他真的要杀了我！”
3acfe6f9fd6a498abc59d4cfec21f046,好在练武之人血气旺盛，胆气也较常人更加豪雄——楚天行他们遭遇鱼怪时，许多同学初时都曾吓得惊慌失措。可后来在餐厅列阵防御鱼怪冲击时，每一个同学，无论男女，都在楚天行、秦玲、肖虎等人的带动下，勇敢地握紧了刀枪，直面鱼怪，血战厮杀。
3acfe6f9fd6a498abc59d4cfec21f046,这要换作楚天行那个世界的高中生，碰上这样的情况，恐怕除了少数天不怕地不怕的勇士，其他绝大部分人，都只会吓得如同鹌鹑一般，瑟缩在角落哭着喊着抱头等死了。
3acfe6f9fd6a498abc59d4cfec21f046,禇军修为还要强过秦玲、肖虎，胆气自然不会比楚天行那班同学更弱。
3acfe6f9fd6a498abc59d4cfec21f046,初时被楚天行那真实不虚的杀气骇住之后，他很快便一咬舌尖，挣脱惊恐，就要奋起反击。
3acfe6f9fd6a498abc59d4cfec21f046,然而，在楚天行面前，哪怕只是一刹那的失态，也已经无可挽回。
3acfe6f9fd6a498abc59d4cfec21f046,当禇军挣脱惊恐，回过神来，欲待迎击时，楚天行掌中长枪，已经抵住了他的咽喉……
3acfe6f9fd6a498abc59d4cfec21f046,【求勒个票~！】
3acfe6f9fd6a498abc59d4cfec21f046,
3acfe6f9fd6a498abc59d4cfec21f046," 
        "
9b052affabb3450b817b94716f8d88ee,上菜打断了闲聊，但也意味着下一个话题的开始。
9b052affabb3450b817b94716f8d88ee,宋鹏飞今晚是主，由他将准备好的酒打开，给每个人添满。
9b052affabb3450b817b94716f8d88ee,“无理由不喝酒，宋总赶紧来个开场白。”
9b052affabb3450b817b94716f8d88ee,张浩明一只手扶着酒杯，一边扭头怂恿宋鹏飞。其他几个人也都是乐悠悠的配合着看向宋鹏飞，给予请客人足够多的尊重。
9b052affabb3450b817b94716f8d88ee,"宋鹏飞也
        "
ff5cae5331ea44da9eb06e38801bce0a,宋鹏飞的话让车里变得更加安静，静的能听到节奏不同呼吸声。另外三个人都听懂了宋鹏飞的意思，类似宋鹏飞花五百万拿到5%股权的事情不可能再发生了。
ff5cae5331ea44da9eb06e38801bce0a,还有就是，王泉在养殖场那边投了多少钱只有他自己清楚，如果他不吐口，这事儿基本没希望。
ff5cae5331ea44da9eb06e38801bce0a,"再也无人说话，直到车子开进地下停车场车内才重新
        "
2420f9dc50ae45b99e978117859a8c2e,两湖地区白条渠道的搭建成功意味着九鼎商贸正式迈步进入肉类产品的业务板块，虽然只是入门级的白条猪肉业务，但对九鼎商贸来讲却是一次里程碑。
2420f9dc50ae45b99e978117859a8c2e,按理说应该是值得高兴的事情，但九鼎商贸的业务团队并没有表现出欢欣鼓舞，反而保持极高的警惕心理。
2420f9dc50ae45b99e978117859a8c2e,"不单单是亲临一线市场的业务员，就连九鼎商贸
        "
9ac0f9a74f3a475780593e6a95367bf4,白条卖到北湖？
9ac0f9a74f3a475780593e6a95367bf4,听到这句话，戴金权没来由的心头一跳，还没等他细问，就听到赵林急速说道：“江城这里跟他们合作的是邢启玉，孝干那边跟他们合作是……”
9ac0f9a74f3a475780593e6a95367bf4,"赵林快速报出一串名字，没听到一个名字，戴金权的脸色就会阴沉一分，等赵林说完，戴金权的脸色已经阴沉如水，握手机的手不自觉的用力，能
        "
12a4a8283afc49ea8946685a66103d23,“那就麻烦李老板了，希望咱们能够合作愉快。”
12a4a8283afc49ea8946685a66103d23,从李老板的店里出来，王富贵自信心直线飙升。
12a4a8283afc49ea8946685a66103d23,跟万豪说的一样，九鼎商贸刚刚挫败了贺鹏举，又成功拿下唐人集团的副产品销售权，毫不夸张的说，九鼎商贸这个外来户此时在南湖的风头无两！
12a4a8283afc49ea8946685a66103d23,"趁着公司风头正劲，一般人都不会直接拒绝九鼎商
        "
36ca91b6cab947e7a8ec90c327e2b51b,身为业务经验丰富的业务员，万豪已经有了自己独到的工作理解。
36ca91b6cab947e7a8ec90c327e2b51b,普通业务员最喜欢做的事情就是投其所好，知道客户喜欢贪便宜，便主动给客户释放优惠政策，以求客户下单。
36ca91b6cab947e7a8ec90c327e2b51b,"稍微老练一些的业务员则是喜欢寻找客户的痛点，把客户的痛点记在心里，时不时的拿出来刺激一下客户，间接的表述跟自己合作
        "
6c5cca93c836490ba22bcbd644b0e52c,新书《不会真有人觉得末世难混吧》已发布，大家可以去看看，感觉还行不妨先收藏一下，更新不慢。
6c5cca93c836490ba22bcbd644b0e52c," 
        "
149fab593f6d4f22a0698350ddba666d,我写完本感言这是第二次。
149fab593f6d4f22a0698350ddba666d,之前是很早的一本书，那时刚开始写书，仅仅写了五十万字。
149fab593f6d4f22a0698350ddba666d,上本书没有机会。
149fab593f6d4f22a0698350ddba666d,说这些是想证明我没有经验，不知道该说点什么好。
149fab593f6d4f22a0698350ddba666d,那就随便唠唠吧，放心，连五毛钱也不要。
149fab593f6d4f22a0698350ddba666d,写这本书的初衷，是想弥补上本书未完结的遗憾，不过又总想变出点花样来，可惜事实证明，方向有问题。
149fab593f6d4f22a0698350ddba666d,本来这本书是有大纲的，不过后面被我推翻了，我发现读者似乎并不喜欢看那些内容。
149fab593f6d4f22a0698350ddba666d,说来说去，还是经验不足。
149fab593f6d4f22a0698350ddba666d,这本书大概到50万字左右，就失去了大纲的指引，所以难免情节不太连贯，也谢谢各位的包容。
149fab593f6d4f22a0698350ddba666d,而且在写作的过程中，我发现一个问题，一个已经写过的题材，再去写的话，潜意识里会有种排斥，很多其实必须要去写的东西，都不愿再去触碰——我指年代文。
149fab593f6d4f22a0698350ddba666d,而且年代文现在制约太大。
149fab593f6d4f22a0698350ddba666d,不好写。
149fab593f6d4f22a0698350ddba666d,这让我确定了一个思路：以后绝不连续写两本一样题材的书。
149fab593f6d4f22a0698350ddba666d,再怎么样，也要错开些时间。
149fab593f6d4f22a0698350ddba666d,这本书成绩显而易见，并不好，起初大概裸奔半年一定程度上也导致心态崩溃。
149fab593f6d4f22a0698350ddba666d,记得上架时均订只有50——我从没有体验过这种成绩。由此不难想象心态崩到什么程度。
149fab593f6d4f22a0698350ddba666d,现在160万字，均订怼到1300左右。
149fab593f6d4f22a0698350ddba666d,老实讲，上架时要有这个成绩，这本书不会是这个样子，应该也能写到300万字之后。
149fab593f6d4f22a0698350ddba666d,可惜没有如果。
149fab593f6d4f22a0698350ddba666d,不管怎样，书没写好，作者负全责。
149fab593f6d4f22a0698350ddba666d,不找借口。
149fab593f6d4f22a0698350ddba666d,在此还是要感谢坚持到这里，没被毒死的你们——读者老爷。
149fab593f6d4f22a0698350ddba666d,谢谢你们。
149fab593f6d4f22a0698350ddba666d,其他的话就不说了。
149fab593f6d4f22a0698350ddba666d,讲讲新书。
149fab593f6d4f22a0698350ddba666d,新书已内投通过，于明天上传，具体时间不好说，得看审核速度。
149fab593f6d4f22a0698350ddba666d,新书依然是都市品类，一个异世都市的背景，构思了好几个月，内容非常丰富，与群里的一些读者探讨了一下，大家的反应似乎还不错，这给了我一些信心。
149fab593f6d4f22a0698350ddba666d,目标就是呈现给大家一个尽量真实的世界，和一个扣人心弦的故事。
149fab593f6d4f22a0698350ddba666d,希望大家可以看看开头，感觉不错的话，就先收藏一下，这是作者将书写好的最大动力——有人在看，不是单机。
149fab593f6d4f22a0698350ddba666d,好啦，就说这么多吧。
149fab593f6d4f22a0698350ddba666d,那么——
149fab593f6d4f22a0698350ddba666d,明天再会。
149fab593f6d4f22a0698350ddba666d,…
149fab593f6d4f22a0698350ddba666d,…
149fab593f6d4f22a0698350ddba666d,李超强
149fab593f6d4f22a0698350ddba666d, 2020年10月31日
149fab593f6d4f22a0698350ddba666d," 
        "
c2a9c616ac0948728168a43492c7b864,8月中旬，郭永坤还在港城忙着组建集团的事情时，美国那边传来好消息。
c2a9c616ac0948728168a43492c7b864,老乔的研究成果终于大功告成，Zero公司最新的个人电脑仅仅一个发布会召开之后，便受到市场热烈关注。
c2a9c616ac0948728168a43492c7b864,有人将其形容为“划时代的产品”。
c2a9c616ac0948728168a43492c7b864,"数天之后， Zero公司又在市场上扔下一颗重磅炸弹，这款无论外观
        "
fb3030e3e8864fffa4434d49e10e8d9a,柳伊丝死了。
fb3030e3e8864fffa4434d49e10e8d9a,郭永坤得知这个消息时，脑子里的思绪非常复杂。
fb3030e3e8864fffa4434d49e10e8d9a,原本这两天他一直在纠结，该拿柳伊丝怎么办，出现这种事情，他必须惩罚对方，这一点毋庸置疑。
fb3030e3e8864fffa4434d49e10e8d9a,他纠结的是惩罚的程度。
fb3030e3e8864fffa4434d49e10e8d9a,而现在柳伊丝却死了。
fb3030e3e8864fffa4434d49e10e8d9a,"老话讲一日夫妻百日恩，他想过对付柳伊丝，但从未想过要置
        "
463f6eafd29e440388d8b50888b274e0,“丝丝，久等了吧。”
463f6eafd29e440388d8b50888b274e0,秋水伊人所在商场附近的一家饭店里，马立明终于见到柳伊丝后，心情瞬间变得非常愉悦。
463f6eafd29e440388d8b50888b274e0,刚才的那些不快，也都暂且被抛诸脑后。
463f6eafd29e440388d8b50888b274e0,就在刚才，他带着周长贵几人去了银行，百万无奈之下，将自己账户里的18.9万存款，汇入了嘉丰叶轮厂的户头。
463f6eafd29e440388d8b50888b274e0,"柳伊丝微微
        "
58b2557a73404b11a511cf71f836f6f7,“立明，别出去了！”
58b2557a73404b11a511cf71f836f6f7,市区东南，一处全是自建小洋楼的富人区，马家的三层别墅中，王香枝堵住紧闭的大门。
58b2557a73404b11a511cf71f836f6f7,“妈，你让开，我今天必须要出去。”
58b2557a73404b11a511cf71f836f6f7,面对儿子的坚决态度，一向强硬不起来的王香枝求助般望向旁边的客厅。
58b2557a73404b11a511cf71f836f6f7,“你出去干嘛呀，出去好被人堵？”
58b2557a73404b11a511cf71f836f6f7,"马月月从软皮
        "
96b1a0c4373545bf9357493cbdc23297,大概是周一、外加时间尚早的缘故，舞厅里客人还不是很多。
96b1a0c4373545bf9357493cbdc23297,郭永坤与李友善二人走近时，都无需寻找陈大少，已经有一个长相机灵的小伙子候在门边，等候着他们。
96b1a0c4373545bf9357493cbdc23297,这次可能真是谈正事，小伙子带着他们直接穿过舞厅，来到侧方郭永坤还从未进去过的一间包厢。
96b1a0c4373545bf9357493cbdc23297,"里面与想象中类似于KTV包厢
        "
41b9b6a6fb254ae5a897b9e25f07c0f1,“真是好巧啊，我实在没想到你在申海。”
41b9b6a6fb254ae5a897b9e25f07c0f1,飘扬着舒缓钢琴曲的咖啡厅里，柳伊丝微笑望着对面的男人，确实感到十分意外。
41b9b6a6fb254ae5a897b9e25f07c0f1,"中午她用店里的座机拨通了名片上的私人号码，本寻思着死马当活马医，因为实在没有其他办法，连她未来公公都搞不定的事情，靠她的力量想都不用想，只能向她认识的最高层面的
        "
f3d3ec24a2964f32ab32fd4058514b91,距离市决赛，才过去短短两个星期。
f3d3ec24a2964f32ab32fd4058514b91,两周前的市决赛，楚天行的内力修为，还只是贯通了七条正经，功力远逊于贯通了五条奇经八脉的钟玉卓。
f3d3ec24a2964f32ab32fd4058514b91,全靠天赋直感赋予的临阵应变之能，避实击虚，楚天行方能在有所克制，不敢放开手脚的钟玉卓攻势下支撑下来。
f3d3ec24a2964f32ab32fd4058514b91,"并在钟玉卓施加的强大压力下，不
        "
8f39008b1f2d4ef1a1b6df8b8caffe8c,当最后一个玄真界罡气境被打爆，天启之门前的战斗，就此落下帷幕。
8f39008b1f2d4ef1a1b6df8b8caffe8c,这一战，因星殒剑尊铸就不朽大丹，以无敌之势，摧枯拉朽般击溃了唐晨、千叶岛主、元磁山人等玄真界最强的一批罡气境，地球方由是无损完胜。
8f39008b1f2d4ef1a1b6df8b8caffe8c,"前来攻打天启之门的三十位玄真界罡气境，三位死在第一波核爆攻击下，灰飞烟灭，
        "
9b6eb7e2e3814fe2ad3105b1c7ef27e8,嘭！
9b6eb7e2e3814fe2ad3105b1c7ef27e8,一声沉闷的巨响。
9b6eb7e2e3814fe2ad3105b1c7ef27e8,千米高山宛若酥脆的饼干，咔一声从中折断，轰然倒塌下来。
9b6eb7e2e3814fe2ad3105b1c7ef27e8,黄钟随手一拍，将那迎着他砸来的庞大山体，一巴掌拍飞出去，爆成粉碎。
9b6eb7e2e3814fe2ad3105b1c7ef27e8,他足踏虚空，大步前行，走向山体断裂处，淡淡道：
9b6eb7e2e3814fe2ad3105b1c7ef27e8,"“你不是虚空邪神么？为何不现出你的邪神本相，让本座
        "
63831225e4254ce0a03365e5c13c5f18,尽管在正式接战之前，玄真界方面，就已经折损了三位罡气境，玄夜宗主又临阵倒戈，使得玄真界只有二十四位罡气境，但论人数，还是远远超过了地球方。
63831225e4254ce0a03365e5c13c5f18,地球方面，大明九位罡气境，加上钢铁圣女等五位外援，加上怒剑仙、陆无瑕，以及倒戈的玄夜宗主，一共也才十七人而已。
63831225e4254ce0a03365e5c13c5f18,"不仅人数劣势，因玄
        "
4c095f90e17e4486a20f2d17a5df696c,看着那高大巍峨的钢铁堡垒，众罡气境都有些纳闷：
4c095f90e17e4486a20f2d17a5df696c,“地球的罡气境们想什么呢？这可是神战，修这么一座堡垒有用么？”
4c095f90e17e4486a20f2d17a5df696c,正不明所以时，就见那座钢铁堡垒上，腾起道道焰火，旋即一根根屁股后面喷射着火光、浓烟的粗大管子冲天而起，向着他们飞来。
4c095f90e17e4486a20f2d17a5df696c,"众罡气境感知一扫，并没有察觉到任
        "
f948bb5550af4c2e909e03dbb4d901a7,嗡嗡嗡……
f948bb5550af4c2e909e03dbb4d901a7,当楚天行气息发散之时，整座巨大地窟，都微微震颤起来。
f948bb5550af4c2e909e03dbb4d901a7,他脚下的地面，咔咔迸裂，形成蛛网一般的辐射裂纹，四面八方蔓延开去，转眼就密布整个地窟地面。
f948bb5550af4c2e909e03dbb4d901a7,随后他方圆百米内的地面，进一步迸碎破裂，变得好像是摔碎的瓷板。
f948bb5550af4c2e909e03dbb4d901a7,"无数破碎的石子，自地面悬浮起来，
        "
17a0814693b6440ab5b9ba5b16dc8418,玄真界，真灵宗。
17a0814693b6440ab5b9ba5b16dc8418,唐晨手握凤凰神枪，伫立于凤凰殿前，看一眼面前二十九位罡气境，低喝一声：
17a0814693b6440ab5b9ba5b16dc8418,“出发！”
17a0814693b6440ab5b9ba5b16dc8418,率先腾空而起，向着异界之门方向飞去。
17a0814693b6440ab5b9ba5b16dc8418,真灵宗四位长老，以及其他罡气境相继腾空，紧随唐晨之后，飞往异界之门。
17a0814693b6440ab5b9ba5b16dc8418,大地深处。
17a0814693b6440ab5b9ba5b16dc8418,"巨大地窟之中。
        "
751c516d97b84bde89e5a404848ab067,一片无光无色，空旷虚无的黑暗之中。
751c516d97b84bde89e5a404848ab067,一点微光，忽然绽放，化为一朵火花，在这黑暗中心静静燃烧。
751c516d97b84bde89e5a404848ab067,这火花燃烧时，光芒五彩缤纷，瑰丽万端，散发着引人沉醉的奇诡魅力。
751c516d97b84bde89e5a404848ab067,火花内部，却是一片神秘深邃的幽暗，仿佛一方蕴含着无穷魔力的无底深渊。
751c516d97b84bde89e5a404848ab067,"火花静静燃烧着，丝丝瑰丽
        "
8f551608c9ad4d168df4bf8e351f860a,天启之门，钢铁堡垒。
8f551608c9ad4d168df4bf8e351f860a,铁将军正在堡垒之中巡视，检查着布防情况，前方空气忽然一阵波动，平空浮现出一个人来。
8f551608c9ad4d168df4bf8e351f860a,“小楚？”
8f551608c9ad4d168df4bf8e351f860a,铁将军诧异地看着身披白袍，打扮得跟个神棍似的楚天行，奇道：
8f551608c9ad4d168df4bf8e351f860a,"“你……不是随大长公主回琅嬛福地，辅助她修炼了吗？怎么突然出现在这里？还有你
        "
076f350f9ad14e71a7aa113933eb0635,“阁下这番话，太过危言悚听了吧？”唐晨淡淡说道。
076f350f9ad14e71a7aa113933eb0635,“是否危言悚听，以宗主之英明，心中自有明见。”黑衣人沉声道。
076f350f9ad14e71a7aa113933eb0635,唐晨纤指叩击着椅子扶手，沉吟许久，低声说道：
076f350f9ad14e71a7aa113933eb0635,“那么，在阁下看来，此事……该如何处置最好？”
076f350f9ad14e71a7aa113933eb0635,"黑衣人道：“段长老被污染的程度不算太深，还有挽救
        "
f283eb6ee7374b6489686b8ebf8ead0d,地球，琅嬛福地。
f283eb6ee7374b6489686b8ebf8ead0d,星殒剑尊双眸微阖，手掐印诀，一动不动，晶莹剔透的肌肤上，闪烁着星辰般的微光。
f283eb6ee7374b6489686b8ebf8ead0d,这微光并未向外发散，反而予人一种“内敛”的感觉。
f283eb6ee7374b6489686b8ebf8ead0d,似乎正在以某种玄妙的韵律，向着内部压缩、坍塌。
f283eb6ee7374b6489686b8ebf8ead0d,"楚天行仰躺在她身下，充当着人肉坐垫，并且与她保持着连接状态。
        "
d5142a97c009471794b4566a55a5a49f,白袍人——
d5142a97c009471794b4566a55a5a49f,好吧，很明显，这家伙就是无处不在的楚天行……
d5142a97c009471794b4566a55a5a49f,他低声道：“覆灭两界罡气境，本身就是这大阴谋的意义。”
d5142a97c009471794b4566a55a5a49f,段羽疑惑道：“可是，为什么啊？为什么非要覆灭两界罡气境？覆灭两界罡气境之后，他们又要做什么啊？”
d5142a97c009471794b4566a55a5a49f,楚天行轻叹一声：
d5142a97c009471794b4566a55a5a49f,"“谁知道呢？或许
        "
cd732bf12c43449ba897f261741a7b60,黎明时分，晨曦微现。
cd732bf12c43449ba897f261741a7b60,一头展翼十丈的巨大金雕，在极北之地的凛冽寒风之中盘旋，犀利的双眼，盯着下方的冰天雪地。
cd732bf12c43449ba897f261741a7b60,稍顷，金雕口中发出一声冷哼：
cd732bf12c43449ba897f261741a7b60,“玄夜城不见了！玄夜宗主果然没安好心，早就做好了叛逃的准备！”
cd732bf12c43449ba897f261741a7b60,下方那冰天雪地中，有着一片巨大的空白。
cd732bf12c43449ba897f261741a7b60,"而
        "
579f1e51af4c4b5daf6a42ce938e3250,唐晨这一番话，顿时引起了大多罡气境的共鸣，纷纷附和道：
579f1e51af4c4b5daf6a42ce938e3250,“唐宗主所言甚是。吾等堂堂陆地神仙，凡人能供奉我们，是他们的福报，哪有我们反过来保护他们的道理？”
579f1e51af4c4b5daf6a42ce938e3250,“不错。本座虽对掌控凡人生死没有兴趣，却也绝无兴趣做一条守户之犬。”
579f1e51af4c4b5daf6a42ce938e3250,"“本座修炼血海神功，嗜食人心人肝，每
        "
b75bf41f2b0b484b95a13ccb30e9fb62,“玄夜宗主，你这是何意？”
b75bf41f2b0b484b95a13ccb30e9fb62,无量宗主冷眼看着玄夜宗主，冷冷道：
b75bf41f2b0b484b95a13ccb30e9fb62,“在座众人，除了唐宗主之外，难道还有其他更好的盟主人选么？”
b75bf41f2b0b484b95a13ccb30e9fb62,无量宗主质问时，唐晨亦微眯着双眼，面无表情地看着玄夜宗主，眼神冷冽，暗藏锋芒。
b75bf41f2b0b484b95a13ccb30e9fb62,"卫子英等四位真灵宗长老，以及一些倾向真灵宗的罡气
        "
d8fdf4bb65944e83b319a44590c6ee3e,玄真界极西之地。
d8fdf4bb65944e83b319a44590c6ee3e,真灵宗山门。
d8fdf4bb65944e83b319a44590c6ee3e,一座规模宏伟，外形仿佛凤凰展翅的华美大殿前。
d8fdf4bb65944e83b319a44590c6ee3e,数十位真灵宗大宗师，在罡气境长老卫子英率领下，列队迎宾。
d8fdf4bb65944e83b319a44590c6ee3e,“千叶岛主到！”
d8fdf4bb65944e83b319a44590c6ee3e,“千叶岛主大驾光临，蓬蔽生辉。敝宗宗主正在厅中，岛主请！”
d8fdf4bb65944e83b319a44590c6ee3e,“元磁山人到！”
d8fdf4bb65944e83b319a44590c6ee3e,"
        "
48906a2282a54ab4a054bf2cfab89747,天启之门前。
48906a2282a54ab4a054bf2cfab89747,一座庞大的钢铁堡垒已经拔地而起。
48906a2282a54ab4a054bf2cfab89747,不过这座堡垒，目前还只是个空壳子，只是钢铁圣女动用她的特殊能力，直接将一整座从别处搬来的山峰，转化了钢铁堡垒。
48906a2282a54ab4a054bf2cfab89747,现在星殒剑尊的军团战士，正在堡垒中忙碌着，架设着各种武器、电子设备。
48906a2282a54ab4a054bf2cfab89747,"楚天行回到天启之门前，来
        "
c61bb1ef4efc48d692aca2a28a42889e,许家主遇袭之地，距离真灵宗山门，足足有万里之遥。
c61bb1ef4efc48d692aca2a28a42889e,这个距离，听起来似乎非常遥远。
c61bb1ef4efc48d692aca2a28a42889e,然而，罡气境是可以肉身飞出大气层，飞到外太空的存在。
c61bb1ef4efc48d692aca2a28a42889e,平时日常赶路，轻轻松松就是五倍音速、十倍音速。
c61bb1ef4efc48d692aca2a28a42889e,不计消耗全力爆发之下，万里路程最多也就十几分钟就能赶到。
c61bb1ef4efc48d692aca2a28a42889e,"当然
        "
4e631cd6dffa4744b664d8c5aeffe36c,“回宗主，据三天前收到的消息，荒神宗仍在按兵不动，与异界之门对面之敌隔空对峙。”那貌似病弱的柔美青年说道：“至于最新消息，目前还没有送过来。”
4e631cd6dffa4744b664d8c5aeffe36c,高挑女子淡淡道：
4e631cd6dffa4744b664d8c5aeffe36c,“叶神通究竟是什么意思？”
4e631cd6dffa4744b664d8c5aeffe36c,柔美青年道：
4e631cd6dffa4744b664d8c5aeffe36c,"“叶神通希望他荒神宗的老祖宗，能够带队打头阵，以减
        "
7e1a9c4d474c4a1abc2056d6bba68b6c,恐怖的吞咽声中。
7e1a9c4d474c4a1abc2056d6bba68b6c,荒神老祖整个身躯，悉数化为泡泡，融入剑身之中。
7e1a9c4d474c4a1abc2056d6bba68b6c,随着最后一团泡泡融入。
7e1a9c4d474c4a1abc2056d6bba68b6c,冰魄剑流光溢彩的剑身，蓦然闪过一道白光。
7e1a9c4d474c4a1abc2056d6bba68b6c,本就晶莹剔透的剑身，变得愈发透明，看上去直如无形的存在。
7e1a9c4d474c4a1abc2056d6bba68b6c,"而神剑周围的空间，则变得一片幽暗，仿佛连光线都被神剑扭曲
        "
fcdebd5765fc4848b1d47e26a268397f,“什么人？”
fcdebd5765fc4848b1d47e26a268397f,荒神老祖作震惊状，低喝一声，发声之时，却冷不丁手起一剑，循声斩了过去，尽显其老辣阴狠。
fcdebd5765fc4848b1d47e26a268397f,然而这一剑却斩了个空。
fcdebd5765fc4848b1d47e26a268397f,流光般的剑气在空中划出一道长长的光痕，飞出数十里外，斩在一座高高的山头上，将那山头斜斜斩断。
fcdebd5765fc4848b1d47e26a268397f,"“老祖无需如此紧张，我们可是老熟人
        "
48b732fb4a2a4ac1b691a7e9182a2ca8,“哈哈哈哈……太弱，太弱，太弱！废物，废物，废物！”
48b732fb4a2a4ac1b691a7e9182a2ca8,霸拳徐震哈哈大笑，狂啸如雷，一步一拳，十拳过后，一个罡气境直接嘭地一声，爆成粉末。
48b732fb4a2a4ac1b691a7e9182a2ca8,“无敌，真是寂寞啊！”徐震怅然收拳，双手环抱胸口，仰天长叹。
48b732fb4a2a4ac1b691a7e9182a2ca8,"连出手机会都没捞着的吕问一脸无语，心里吐槽：尼玛打死一个双腿齐
        "
594515c737e44fa1ae95ef041bb588ac,楚天行与黑衣人之间的嘴强王者之战落下帷幕时，荒神老祖一挑十九的战斗——好吧，不能算是一挑十九，楚天行也是出了大力的——差不多也快结束了。
594515c737e44fa1ae95ef041bb588ac,叶神通等人本以为到了外界，天高地阔之下，荒神老祖便无法剑气成阵，分割战场，令他们各自为战。而他们则可以仗着人数优势，慢慢磨死荒神老祖。
594515c737e44fa1ae95ef041bb588ac,"
        "
f123c6ca14074606abfd8beda5edc5a1,天空之中，乌云密布，雷霆滚滚。
f123c6ca14074606abfd8beda5edc5a1,楚天行虚悬空中，凝视着对面的黑衣人。
f123c6ca14074606abfd8beda5edc5a1,正主儿已经不堪忍受两人胍噪，果断抽身走人了。
f123c6ca14074606abfd8beda5edc5a1,楚天行和黑衣人自然也就没有了争辩的必要，同时闭上了嘴巴。
f123c6ca14074606abfd8beda5edc5a1,整个世界顿时清静下来。
f123c6ca14074606abfd8beda5edc5a1,沉默着对视好一阵，楚天行方才缓缓开口：
f123c6ca14074606abfd8beda5edc5a1,"
        "
a439a63678c743e7a07f157a65abcb53,听了楚天行那番“合作共赢”的言论，黄钟不禁诧异道：
a439a63678c743e7a07f157a65abcb53,“你们愿意接纳玄真界人士？”
a439a63678c743e7a07f157a65abcb53,楚天行微笑颔首：
a439a63678c743e7a07f157a65abcb53,“不错。楚某虽然实力很强，但并不好战。
a439a63678c743e7a07f157a65abcb53,“我不喜欢杀戮，从来不曾主动挑起过厮杀争斗。
a439a63678c743e7a07f157a65abcb53,“每一次迫不得已的杀戮，都是自卫反击，或是行侠仗义。
a439a63678c743e7a07f157a65abcb53,"
        "
a52bd051cf924694b2a178d040845729,“虚空投影？不，我这是‘无处不在’。”楚天行含笑说道。
a52bd051cf924694b2a178d040845729,“……”黑衣人无语，沉默好一阵，方才缓缓说道：
a52bd051cf924694b2a178d040845729,“楚天行，你是我见过的，最特别的虚空邪神……”
a52bd051cf924694b2a178d040845729,“虚空邪神？”楚天行哑然失笑：“阁下此言，太过荒谬。”
a52bd051cf924694b2a178d040845729,"他摘下兜帽，现出英姿勃勃、阳光俊朗的面庞：
        "
01c0b004d5ac473c9f1300ecee665d62,天空之中，阴云密布，狂风怒嚎，电闪雷鸣。
01c0b004d5ac473c9f1300ecee665d62,不时有一道天火从天而降，将地面灼出深不见底的琉璃深坑。
01c0b004d5ac473c9f1300ecee665d62,又或是剑气冲霄而起，斩裂乌云，现出一线蓝天，令金色的阳光，自云中那巨大而平整的裂痕中洒落，短暂照亮天地。
01c0b004d5ac473c9f1300ecee665d62,"偶尔会有恐怖的能量狂潮，在万丈高空轰然碰撞，将大气生生打爆
        "
f623774a9a7e414cad80adf412402fde,当剑气铺天盖地而来，众罡气境齐齐变色。
f623774a9a7e414cad80adf412402fde,有罡气境失声惊呼：
f623774a9a7e414cad80adf412402fde,“不是说好压制神剑威能吗？怎么现在……”
f623774a9a7e414cad80adf412402fde,话音未落，茫茫剑气已将之淹没。
f623774a9a7e414cad80adf412402fde,所幸即使荒神老祖亲自执掌神剑，也不可能同时攻击二十位罡气境。
f623774a9a7e414cad80adf412402fde,"那遮蔽视野、填满地窟的剑气，对于其中十九位罡气境，
        "
0e17077cb02c4663b558c4b4f6db0c0d,“坐镇异界之门的四位同道，也要叫回来吗？”
0e17077cb02c4663b558c4b4f6db0c0d,“当然。人多力量大，多一个人，荒神老祖就要多一分顾忌。”
0e17077cb02c4663b558c4b4f6db0c0d,“可万一我们把人都叫走了，地球那边主动打过来怎么办？”
0e17077cb02c4663b558c4b4f6db0c0d,“哪有那么巧的事？地球那边又不知道我们这边的情报，凭什么把时机抓得那么准？”
0e17077cb02c4663b558c4b4f6db0c0d,“也是……”
0e17077cb02c4663b558c4b4f6db0c0d,"
        "
13cd413c106b431db3c0781ab705f62f,“荒神老祖身为不朽真神，怎么可能会被虚空诡异侵蚀？不朽真神精气神极致内敛，浑圆无瑕，自成天地，只能被杀死，无法被迷惑……”
13cd413c106b431db3c0781ab705f62f,“荒神老祖乃是千年之前苟活至今的老古董，受当今灵气衰退的大环境局限，其内天地早已倾颓衰朽，只剩下不朽真神的空架子，早已抵御不住虚空诡异的侵蚀。”
13cd413c106b431db3c0781ab705f62f,"
        "
8625e64bd64a4c47becdeeaae504bb75,“什么人？”
8625e64bd64a4c47becdeeaae504bb75,听到那呓语般的低语，叶神通头皮一炸，悚然一惊，低喝着循声望去，却只看到了密室墙壁。
8625e64bd64a4c47becdeeaae504bb75,其他几个罡气境，自然也听到了那低语，也是个个惊悚，感知全开，在密室中扫来扫去，可竟未察觉任何异常气息。
8625e64bd64a4c47becdeeaae504bb75,这让他们心中更是紧张。
8625e64bd64a4c47becdeeaae504bb75,"尤其叶神通，他背着荒神老祖，
        "
83aec5029eef4c43b364a865d1cf821b,昆仑洞天。
83aec5029eef4c43b364a865d1cf821b,楚天行双手枕在脑后，仰望着天花板，眼神恍惚，一副神游天外的模样。
83aec5029eef4c43b364a865d1cf821b,星殒剑尊青丝如瀑，披散胸前，一手撑着楚天行胸膛，一手捏住他鼻子，嗔道：
83aec5029eef4c43b364a865d1cf821b,“在想什么？是不是这些天不分昼夜连体婴似地跟我呆在一起，腻歪啦？”
83aec5029eef4c43b364a865d1cf821b,楚天行回过神来，笑道：
83aec5029eef4c43b364a865d1cf821b,"“怎
        "
c5f4c9ffef324a05b7cf437cee9f8854,轰！
c5f4c9ffef324a05b7cf437cee9f8854,惊天动地的爆炸声中。
c5f4c9ffef324a05b7cf437cee9f8854,一条人影，撞破数百米厚的岩层，从裂谷谷底冲天而起，一边喷血，一边震荡罡气，发出如雷怒吼：
c5f4c9ffef324a05b7cf437cee9f8854,“荒神老祖丧心病狂，吃人练功……我大哥周仪、二哥郭子威，皆已被他吞噬！荒神老祖丧心病狂，吃人练功……”
c5f4c9ffef324a05b7cf437cee9f8854,"复读机一般的怒吼声中，那人影身上
        "
4aac2648b6cf4d50bc3ed5463a7581cd,午夜。
4aac2648b6cf4d50bc3ed5463a7581cd,星殒剑尊披散着如瀑青丝，伏在楚天行宽厚胸膛上，一边进行着新一轮修炼，一边说道：
4aac2648b6cf4d50bc3ed5463a7581cd,“这几天修为虽然突飞猛进，但时间似乎有些来不及了。”
4aac2648b6cf4d50bc3ed5463a7581cd,楚天行双手环抱着她的纤腰丰臀，微笑道：
4aac2648b6cf4d50bc3ed5463a7581cd,“放心，我会设法拖延几日的。”
4aac2648b6cf4d50bc3ed5463a7581cd,星殒剑尊奇道：
4aac2648b6cf4d50bc3ed5463a7581cd,"“你人在
        "
83aa99f6f2ab46a8a42e699f4d6c1e1d,"“陆无瑕和怒剑仙这几天看来适应得很快，天剑山的弟子们，也逐步接受并适应了目前的生活，接下来还要请专人教导他们大明及地球的基本规则，尤其是法律这一块儿，一定要让他们知道，大明和地球，不是玄真界那种由宗门戒律、世家家法统治的世界。要坚决杜绝玄真界一贯强者为尊、力就是法、拳就是权的心态……”
        "
24caf346724c4a15ad19b591e64c15ac,玄真界。
24caf346724c4a15ad19b591e64c15ac,地裂深处，荒神老祖所在的地窟中。
24caf346724c4a15ad19b591e64c15ac,身着黑袍，连头脸都笼罩在兜帽阴影中的黑衣人，目瞪口呆地看着荒神老祖。
24caf346724c4a15ad19b591e64c15ac,荒神老祖左手边，倒插着一口雁翎刀，观其外形，正是荒神宗的镇派神兵冷月神刀。
24caf346724c4a15ad19b591e64c15ac,"但此时此刻，黑衣人眼中的雁翎刀，已没有了半点神器的风彩，刀身黯淡
        "
c80b18979f96412da671aa6786b991fe,虽然楚天行很有把握的样子，可谁也不可能真就不紧张了，天启之门的防御，仍然要保持在最高级别。
c80b18979f96412da671aa6786b991fe,至于弃暗投明的陆无瑕、怒剑仙二人，纵有楚天行作保，大家也不敢轻易完全信任他们。天启之门的防御工作，现阶段肯定也不会让他们参与进来。
c80b18979f96412da671aa6786b991fe,"“天剑山弃暗投明，我们自是无任欢迎，论理该大摆
        "
8a9114a82a4d4cb49b4cfc8e540f0f6a,琅嬛福地，天启之门前。
8a9114a82a4d4cb49b4cfc8e540f0f6a,除了星殒剑尊、铁将军等七位轮值的罡气境，其他七位轮休的罡气境，此时也赶了过来。
8a9114a82a4d4cb49b4cfc8e540f0f6a,人到齐后，楚天行就开始给众人正式介绍怒剑仙、陆无瑕伯侄。
8a9114a82a4d4cb49b4cfc8e540f0f6a,“天剑山在玄真界，是一个历史悠久、传承完善，影响力很不错的一流宗门。
8a9114a82a4d4cb49b4cfc8e540f0f6a,"“数百年来，天剑山长期
        "
298a5aa23ce0474a97b7952169d87445,地球，琅嬛福地，天启之门。
298a5aa23ce0474a97b7952169d87445,地球这边的天启之门，其周边同样是遍布各种杀阵。
298a5aa23ce0474a97b7952169d87445,一旦有人自天启之门出来，首先就要面对种种杀阵攻击，之后就要被守门的罡气境围攻。
298a5aa23ce0474a97b7952169d87445,即使地球罡气境数量较少，可想要突破这边的防线，第一波冲阵的玄真界罡气境，亦要付出惨痛代价。
298a5aa23ce0474a97b7952169d87445,"如今琅
        "
4ddea49f967b476394fb9be2846ad2eb,怒剑仙望见陆无瑕两手空空过来，怒喝道：“你的剑呢？”
4ddea49f967b476394fb9be2846ad2eb,陆无瑕失魂落魄：“剑丢了……被那老匹夫抢去了……”
4ddea49f967b476394fb9be2846ad2eb,怒剑仙怒吼道：
4ddea49f967b476394fb9be2846ad2eb,“如此也好！得了神剑，那老匹夫暂时当不会再追杀我们了！此地不宜久留，快走！”
4ddea49f967b476394fb9be2846ad2eb,"两人朝着天启之门方向飞掠而去，怒剑仙又咆哮着问道：
        "
46fa0260f327421192eb5dfb24a1d7c4,看着陆无瑕那近乎垂死的伤势，转眼之间就尽数痊愈，又恢复到活蹦乱跳的最佳状态，身上裹了个大光球之后，更是无伤接下了他一刀，荒神老祖竟忍不住咳嗽起来。
46fa0260f327421192eb5dfb24a1d7c4,"他在接见陆无瑕、怒剑仙之前，服食了三枚用十万活人精气神，辅以各种珍贵材料炼制的“血神丹”，小补了一下状态，令他可以用巅峰时，三成的
        "
2dbd6501b80b4eedaf514713cb8c59c7,叶神通一惊，老祖居然要用刀？
2dbd6501b80b4eedaf514713cb8c59c7,难道陆无瑕说对了？
2dbd6501b80b4eedaf514713cb8c59c7,叶神通本以为，老祖只是沉睡太久，状态不复巅峰，难以发挥不朽真神毁天灭地的威能，需要用血神丹恢复实力。
2dbd6501b80b4eedaf514713cb8c59c7,却没有想到，老祖的状态，居然已孱弱到了多出手几次，就会折寿速死的境地。
2dbd6501b80b4eedaf514713cb8c59c7,"一时间，叶神通又想起了老祖复苏
        "
4a531aefc67048468c16a80aed39b669,出剑之时，陆无瑕距荒神老祖只有五步。
4a531aefc67048468c16a80aed39b669,以罡气境的速度，身剑合一之下，五步距离，与零距离无异，剑光绽放之时，就该刺中目标。
4a531aefc67048468c16a80aed39b669,不过。
4a531aefc67048468c16a80aed39b669,速度也是相对的。
4a531aefc67048468c16a80aed39b669,"即使面对一般的罡气境，陆无瑕这五步之内，手持神剑的飞身一击，也足以令对方几无反应时机，只能以护身罡气硬扛，
        "
b543562d0b944b82baa668dc4321c105,陆无瑕与怒剑仙在外等了一阵，叶神通便笑容满面地出来，说道：
b543562d0b944b82baa668dc4321c105,“怒兄、无瑕仙子，老祖已答应接见你们了，请随我来。”
b543562d0b944b82baa668dc4321c105,“有劳叶宗主了。”陆无瑕二人客套一句，随叶神通进了宫殿。
b543562d0b944b82baa668dc4321c105,叶神通带着二人径直穿过空旷正殿，将二人引入后方一座幽静偏殿中。
b543562d0b944b82baa668dc4321c105,"陆无瑕刚刚踏进偏殿
        "
ff229796a1c847be998ef1690ae17fcd,就在陆无瑕师徒尽力劝说怒剑仙时。
ff229796a1c847be998ef1690ae17fcd,天启之门东面，荒神宗营地。
ff229796a1c847be998ef1690ae17fcd,一间幽暗密室中，一位白发苍苍、瘦到皮包骨头，每一寸皮肤都生满老人斑，隐隐散发着腐朽气息的老者，盘坐锦垫之上，闭目打坐。
ff229796a1c847be998ef1690ae17fcd,突然，密室门上的铃铛摇晃，发出清脆的叮铛声。
ff229796a1c847be998ef1690ae17fcd,"老者睁开双眼，显出沙皮狗一
        "
02d313a5b2f443779e6d93d69317cde7,“我怎么知道荒神宗那位太上长老究竟怎么回事？”
02d313a5b2f443779e6d93d69317cde7,怒剑仙两眼怒瞪，吼道：
02d313a5b2f443779e6d93d69317cde7,“反正那老家伙强得很，我根本看不透他。”
02d313a5b2f443779e6d93d69317cde7,这时，一直在旁眼观鼻、鼻观心，默默旁听的林婕忽然开口：
02d313a5b2f443779e6d93d69317cde7,"“也许，荒神宗那位太上长老，是在灵气退潮、天地衰落之前，就踏上了不朽之道，证就了不朽
        "
fcc3fab26195494bbb2613f5d9fbf810,收走天剑山，陆无瑕好好享受了一番徒弟震惊的眼神，方才剑光一卷，带着徒弟继续朝神剑宗方向飞去。
fcc3fab26195494bbb2613f5d9fbf810,疾飞小半日，陆无瑕不经意间低头往地上一瞧，忽然惊咦一声，停下飞遁，紧锁眉头，俯瞰下方。
fcc3fab26195494bbb2613f5d9fbf810,林婕问道：“怎么了师父？”
fcc3fab26195494bbb2613f5d9fbf810,"陆无瑕道：“这下面，我记得原本有一座城市的……”
        "
afd1810ffab34b24b554dce2e42555ab,万丈高空，一道白虹剑光，裹着陆无瑕、林婕师徒二人，往神剑宗方向飞去。
afd1810ffab34b24b554dce2e42555ab,途中，自起飞起，已有好长时间没跟师父斗嘴的林婕，忽然幽幽问道：
afd1810ffab34b24b554dce2e42555ab,“师父，咱们师徒，带着冰魄师叔，悠游山林，逍遥自在不好吗？
afd1810ffab34b24b554dce2e42555ab,“为何要去趟征伐地球那淌浑水？
afd1810ffab34b24b554dce2e42555ab,"“你莫不是在仙宫收获太多，心
        "
7777b5a6cfe54a6b893d734be0d7dc03,这一次，足足过了一整天，那由无数人体糅合而成的狰狞怪物，才被“神剑”中逸出的巨大光球彻底吞噬。
7777b5a6cfe54a6b893d734be0d7dc03,当光球回归神剑，神剑摇摇晃晃地飞回陆无瑕手中时，陆无瑕抱着神剑，轻抚着剑身密密麻麻的冰裂裂痕，心疼地快要淌下泪来。
7777b5a6cfe54a6b893d734be0d7dc03,"林婕也一脸担忧地看着师父怀里，那看上去随时可能迸碎的剑身，
        "
92f2813f7080483c94634dfc5e2b379c,林婕悠然醒来，发现自己竟是衣衫齐整，正盘坐在一只锦垫上，似乎是在打坐。
92f2813f7080483c94634dfc5e2b379c,方才恍恍惚惚间经历的一切，难道只是一个颠倒迷离的幻梦？
92f2813f7080483c94634dfc5e2b379c,“怎么可能是做梦啊！衣服都不是之前穿的那一套，发式也变了！还有那种火山爆发式的……”
92f2813f7080483c94634dfc5e2b379c,"回想起先前的感受，她身躯便不由自主战栗起来，脸颊
        "
2d524414f857462fb9b34453f950b402,“师父，桥上怎么这么多石像？看起来很不对劲啊……”
2d524414f857462fb9b34453f950b402,“桥上那些石像，都是历次仙宫开启时，进入仙宫的武者，被这石桥禁制给石化了。”
2d524414f857462fb9b34453f950b402,“那我们怎么过去？”
2d524414f857462fb9b34453f950b402,"“很简单。这石桥的规则是石化与否五五开，若一个人独自过桥，那么有一半的机率被石化。若两个人一起过桥，那么其中一
        "
6030bf03e15f4c37a0f0ce0b40f9924a,群仙殿灭亡之前，有一百多位罡气境，九位罡气境之上的虚空真神、不朽真神。
6030bf03e15f4c37a0f0ce0b40f9924a,然而就是这等强大的势力，居然一夕之间就被毁灭，且后遗症遗留至今未曾消散，仍能坑死罡气境强者，足见污染了群仙殿的虚空邪神，该是多么强大。
6030bf03e15f4c37a0f0ce0b40f9924a,当然，群仙殿当初遭受的“污染”，也定然不是一夕之功。
6030bf03e15f4c37a0f0ce0b40f9924a,"
        "
1411c457cd684fb2b5dade14ad2b3e8c,陆无瑕一飞冲天，迎着那道天外飞来的晶莹剑光飞去，很快就与剑光相会。
1411c457cd684fb2b5dade14ad2b3e8c,不等她伸手去抓，那剑光便倏地一绕，调了个头，自行把剑柄往她手里凑来。
1411c457cd684fb2b5dade14ad2b3e8c,“这么主动？”陆无瑕微微一怔，旋即若有所悟地点了点头：
1411c457cd684fb2b5dade14ad2b3e8c,“我前半生过得太憋屈，毕生大运攒到今天，终于来了个厚积薄发！
1411c457cd684fb2b5dade14ad2b3e8c,"
        "
df2f01f96a7f44ab981d11ab0310946f,群仙殿仙宫，乃是一处可自行移动的秘境，按照一定的规律，飘流在玄真界周围的时空夹缝之中，每两百年才会与玄真界现世连接一次。
df2f01f96a7f44ab981d11ab0310946f,其不与现世连接时，就算是罡气境，也难以找到位置，更不可能进入。
df2f01f96a7f44ab981d11ab0310946f,但楚天行却可以循仙宫之中，邪神之力的牵引，锁定其位置。
df2f01f96a7f44ab981d11ab0310946f,此刻。
df2f01f96a7f44ab981d11ab0310946f,"楚天行来
        "
8bbb7bcf30e347c8bd4e9831ddc85332,玄真界。
8bbb7bcf30e347c8bd4e9831ddc85332,一片遍布巨大天坑、深长地裂、枯黑焦土、干涸荒漠的残破土地上。
8bbb7bcf30e347c8bd4e9831ddc85332,一团方圆亩许的灰白雾气，匍匐在一座天坑底部。雾气之中，闪烁着丝丝幽蓝光芒，宛若一缕缕跃动的电光。
8bbb7bcf30e347c8bd4e9831ddc85332,这一团灰白雾气，正是玄真界连接着琅嬛福地的天启之门。
8bbb7bcf30e347c8bd4e9831ddc85332,"而这片残破的土地，原是神剑宗山
        "
dd179f01d080435eae1cdc105fa467d1,“情况有点不对。”
dd179f01d080435eae1cdc105fa467d1,次日上午，琅嬛福地，一座新建成的大会议厅中，大明十大罡气境济济一堂，同时还有五位来自异国的罡气境，或称“古神”与会。
dd179f01d080435eae1cdc105fa467d1,那五位古神当中。
dd179f01d080435eae1cdc105fa467d1,有楚天行曾经见过的英伦红骑士、高卢国钢铁圣女，以及奥林匹斯盗火者。
dd179f01d080435eae1cdc105fa467d1,"另两位，一个是来自罗刹国的“冰
        "
aed7384201374897ac6bbd83ff89e1a8,聊天的话，在秘境里当然是不行的。
aed7384201374897ac6bbd83ff89e1a8,罡气境的感知范围实在太广，万一哪个老头子老不休，偷听或是偷窥怎么办？
aed7384201374897ac6bbd83ff89e1a8,那楚天行和星殒剑尊想要全情投入地好好聊聊天，自然不会有多少精力防范。
aed7384201374897ac6bbd83ff89e1a8,所以两人离开秘境，又一次来到了两个月前，滇池边的那个小树林前。
aed7384201374897ac6bbd83ff89e1a8,"摆好大躺椅、遮阳
        "
16721df2840d4294acde5c0a153c5a0e,“冰亡前辈，对于我的称号，不知道你有没有什么建议？”
16721df2840d4294acde5c0a153c5a0e,“什么称号？”
16721df2840d4294acde5c0a153c5a0e,“就是像前辈的‘冰亡’，还有星殒剑尊、电音如来之类的称号啊。”
16721df2840d4294acde5c0a153c5a0e,“我们的称号，都是大众叫响的，还从来没有自己取的……话说回来，你难道就没有做出什么事迹，然后由大众给你上尊号么？”
16721df2840d4294acde5c0a153c5a0e,"“呃
        "
364ded60a7494c09886e0ece1b7ba912,太空之中。
364ded60a7494c09886e0ece1b7ba912,一座黑山的冰山，仿佛一枚静止轨道卫星，悬停在某个与地球相对固定的位置上，随着地球自转运转。
364ded60a7494c09886e0ece1b7ba912,忽然，冰山旁边霞光一闪，楚天行平空出现在冰山之畔。
364ded60a7494c09886e0ece1b7ba912,他凝视着冰山，透过那黑色的坚冰，看到了自我封印其中的那条高大身影。
364ded60a7494c09886e0ece1b7ba912,"“这个气息……很美味啊！”
        "
6dce12bb23014cb69d373ec54b6db90b,夜。
6dce12bb23014cb69d373ec54b6db90b,月明星稀。
6dce12bb23014cb69d373ec54b6db90b,楚天行盘坐檐下，沐浴月光，神情略显凝重。
6dce12bb23014cb69d373ec54b6db90b,“怎么了？”小凌的声音冷不丁响起。
6dce12bb23014cb69d373ec54b6db90b,她穿着一身和式樱花浴衣，款款走到楚天行身边跪坐下来，问道：
6dce12bb23014cb69d373ec54b6db90b,“怎么一副忧心忡忡的样子？你都已经是罡气境了，还有什么事情能难住你的？”
6dce12bb23014cb69d373ec54b6db90b,"楚天行摇
        "
4999e57901774891b91ffaba2230a875,当邪神被拖入“深渊”。
4999e57901774891b91ffaba2230a875,阴云密布的东京都天空，忽然出现了一幕显得有些荒诞的奇景：
4999e57901774891b91ffaba2230a875,一颗表面闪烁着瑰丽霞光的巨大光球，忽然张开一张黑洞般的“嘴巴”，一口咬下去，将一轮血色太阳吞入。
4999e57901774891b91ffaba2230a875,"在这一刻，所有看到这一幕的人，耳边都隐隐响起了一记恐怖的吞咽声，以及享受美味、心满
        "
bb516efc11a64d0697bca14540eabf55,噗！
bb516efc11a64d0697bca14540eabf55,青光一闪，兵藤夜空一剑斩在邪神舌头上，也不知是否受到了楚天行的影响，那条化作血色触手的舌头，竟出乎意料地脆弱，在她剑下应声而断。
bb516efc11a64d0697bca14540eabf55,兵藤夜空斜斜落地，踉跄两步，双膝一软，跪倒在地，呼呼喘息着，仰首看向天空。
bb516efc11a64d0697bca14540eabf55,"天空之中，满是五彩缤纷的泡泡，在阴冷的血色阳光照耀
        "
4a2fa294f002426b980839a5a35cf128,尽管变成了六七米高的蛮荒巨人，尽管他挥出的那一拳，璀璨如流星，但楚天行的体型，之于那巨大的血色触手，还是好比小蚂蚁之于彪形大汉的手指头。
4a2fa294f002426b980839a5a35cf128,远远看去，甚至予人一种渺小无力、螳臂挡车的悲壮之感。
4a2fa294f002426b980839a5a35cf128,"“那个人是谁？为什么要去硬撼那样的怪物？那可是足以毁灭东京……不，毁灭整个扶桑
        "
e55979195af6409a862a77a4153481ba,当那通体覆盖着血色火焰，仿佛巨柱的血色触手，排开空气，掀起气浪，挟轰轰爆鸣，从天而降时。
e55979195af6409a862a77a4153481ba,凡是看到这一幕的人，都不禁为在商厦天台上顽强抵抗，直面妖魔最狂猛的冲击，为他们争取时间的几位“无名义士”捏了一把冷汗。
e55979195af6409a862a77a4153481ba,"直面那种级别的怪物，即使是新选组的顶尖大宗师，都不觉得自己有
        "
9a19497bbbb94e259cdbff2222c2a866,“果然是妖魔！”
9a19497bbbb94e259cdbff2222c2a866,兵藤夜空仰望那自黑色漩涡中倾泻而下的，纯由密密麻麻的各种妖魔构成的“黑色瀑布”，手掌紧握刀柄，浑身气劲勃发，冰风绕体，长发飘扬，已进入临战状态。
9a19497bbbb94e259cdbff2222c2a866,此前楚天行感觉这里危机感最是强烈，便选择在这座商厦天台，观察事态发展。
9a19497bbbb94e259cdbff2222c2a866,现在他预感果然成真。
9a19497bbbb94e259cdbff2222c2a866,"
        "
9cb536620a9f490b9efd16ad4b03e2b2,“那是……天照大御神？可是……感觉不是很好啊！”
9cb536620a9f490b9efd16ad4b03e2b2,“是啊，血色的太阳、血色的阳光，不仅没有一丝温暖，反而有一种不祥的阴冷……”
9cb536620a9f490b9efd16ad4b03e2b2,“不知道为什么，我，我一看到她就瑟瑟发抖，有种发自内心的恐惧……”
9cb536620a9f490b9efd16ad4b03e2b2,"“混蛋，你们都在胡言乱语些什么？那可是伟大的天照大御神，是我大和的
        "
